INSERT INTO Clients
    (name, birth_date, gender, phone_number, email)
VALUES ('Иванов Иван', '1990-05-15', 'М', '1234567890', 'ivanov@example.com'),
       ('Петров Петр', '1985-08-20', 'М', '9876543210', 'petrov@example.com'),
       ('Сидорова Анна', '1995-03-10', 'Ж', '5551234567', 'sidorova@example.com'),
       ('Козлова Ольга', '1988-12-05', 'Ж', '7778889999', 'kozlova@example.com'),
       ('Николаев Николай', '1982-07-25', 'М', '6665554444', 'nikolaev@example.com'),
       ('Григорьев Григорий', '1993-11-30', 'М', '1112223333', 'grigoryev@example.com'),
       ('Павлова Мария', '1979-04-18', 'Ж', '3334445555', 'pavlova@example.com'),
       ('Кузнецов Иван', '1970-09-08', 'М', '9990001111', 'kuznetsov@example.com'),
       ('Медведева Елена', '1987-02-12', 'Ж', '1231234567', 'medvedeva@example.com'),
       ('Андреев Андрей', '1984-06-23', 'М', '9876543210', 'andreev@example.com'),
       ('Романов Роман', '1975-08-15', 'М', '4445556666', 'romanov@example.com'),
       ('Тарасова Ольга', '1992-01-20', 'Ж', '7778889999', 'tarasova@example.com'),
       ('Семенов Семен', '1980-03-05', 'М', '8887776666', 'semenov@example.com'),
       ('Жукова Жанна', '1983-10-28', 'Ж', '2223334444', 'zhukova@example.com'),
       ('Васильев Василий', '1978-06-14', 'М', '5556667777', 'vasilyev@example.com'),
       ('Семенов Алексей', '1984-06-18', 'М', '7778889990', 'semenov@example.com'),
       ('Козлова Мария', '1990-09-23', 'Ж', '5556667778', 'kozlova@example.com'),
       ('Николаева Ирина', '1981-12-10', 'Ж', '2223334446', 'nikolaeva@example.com'),
       ('Белов Владимир', '1978-03-14', 'М', '9998887774', 'belov@example.com'),
       ('Зайцева Елена', '1989-08-30', 'Ж', '3334445552', 'zaytseva@example.com'),
       ('Григорьев Андрей', '1985-01-25', 'М', '6667778883', 'grigoriev@example.com'),
       ('Максимова Ольга', '1979-04-07', 'Ж', '4445556668', 'maximova@example.com'),
       ('Романов Павел', '1992-11-12', 'М', '1112223339', 'romanov@example.com'),
       ('Борисова Анна', '1986-07-28', 'Ж', '8889990007', 'borisova@example.com'),
       ('Сергеев Сергей', '1983-02-15', 'М', '5556667774', 'sergeev@example.com'),
       ('Андреева Наталья', '1991-05-20', 'Ж', '7778889992', 'andreeva@example.com'),
       ('Тимофеева Ольга', '1977-09-03', 'Ж', '2223334448', 'timofeeva@example.com'),
       ('Артемьев Артем', '1988-04-28', 'М', '9998887771', 'artemyev@example.com'),
       ('Васильев Владислав', '1982-08-14', 'М', '4445556663', 'vasilyev@example.com'),
       ('Дмитриева Екатерина', '1994-03-19', 'Ж', '8889990005', 'dmitrieva@example.com');

INSERT INTO Doctors
    (name, birth_date, gender, phone_number, email, price_for_hour)
VALUES ('Петрова Елена', '1978-06-18', 'Ж', '7778889990', 'petrova@example.com', 2100),
       ('Сидоров Иван', '1984-09-23', 'М', '5556667778', 'sidorov@example.com', 2300),
       ('Смирнова Мария', '1972-12-10', 'Ж', '2223334446', 'smirnova@example.com', 2200),
       ('Кузнецов Александр', '1977-03-14', 'М', '9998887774', 'kuznetsov@example.com', 2400),
       ('Морозова Екатерина', '1989-08-30', 'Ж', '3334445552', 'morozova@example.com', 2200),
       ('Васильева Ольга', '1985-01-25', 'Ж', '6667778883', 'vasilieva@example.com', 2100),
       ('Новиков Андрей', '1979-04-07', 'М', '4445556668', 'novikov@example.com', 2300),
       ('Павлова Анна', '1992-11-12', 'Ж', '1112223339', 'pavlova@example.com', 2400),
       ('Александрова Екатерина', '1986-07-28', 'Ж', '8889990007', 'alexandrova@example.com', 2200),
       ('Михайлов Иван', '1983-02-15', 'М', '5556667774', 'mikhailov@example.com', 2100),
       ('Егорова Татьяна', '1991-05-20', 'Ж', '7778889992', 'egorova@example.com', 2300),
       ('Поляков Иван', '1977-09-03', 'М', '2223334448', 'polyakov@example.com', 2400),
       ('Алексеева Елена', '1988-04-28', 'Ж', '9998887771', 'alekseeva@example.com', 2200),
       ('Федоров Владимир', '1982-08-14', 'М', '4445556663', 'fedorov@example.com', 2100),
       ('Сергеев Иван', '1994-03-19', 'М', '8889990005', 'sergeev@example.com', 2300);



INSERT INTO Services
    (name, price)
VALUES ('Прием врача общей практики', 1500),
       ('УЗИ', 2000),
       ('Консультация кардиолога', 2500),
       ('Прием невролога', 1800),
       ('Анализ крови', 1000),
       ('МРТ', 3000),
       ('Консультация гинеколога', 2200),
       ('Рентген', 1800),
       ('Прием терапевта', 1600),
       ('ЭКГ', 1700),
       ('Прием офтальмолога', 2000),
       ('Ультразвуковая диагностика', 2100),
       ('Массаж', 1500),
       ('Процедуры физиотерапии', 1900),
       ('Консультация эндокринолога', 2300),
       ('Прием дерматолога', 1700),
       ('Консультация хирурга', 2400),
       ('УЗД', 2200),
       ('Флюорография', 1600),
       ('Лечебный массаж', 1800),
       ('Прием диетолога', 2000),
       ('КТ', 2800),
       ('Реабилитация после операции', 3000),
       ('Инъекции', 1200),
       ('Прием психотерапевта', 2500),
       ('Онкологические консультации', 2700),
       ('Консультация педиатра', 1500),
       ('Уход за пожилыми людьми', 1900),
       ('Ультразвуковая чистка лица', 2100),
       ('Лечение аллергии', 2200);



INSERT INTO Competence (competence_id, service_id, doctor_id) VALUES (1, 8, 3);
INSERT INTO Competence (competence_id, service_id, doctor_id) VALUES (2, 28, 6);
INSERT INTO Competence (competence_id, service_id, doctor_id) VALUES (3, 22, 15);
INSERT INTO Competence (competence_id, service_id, doctor_id) VALUES (4, 11, 14);
INSERT INTO Competence (competence_id, service_id, doctor_id) VALUES (5, 13, 6);
INSERT INTO Competence (competence_id, service_id, doctor_id) VALUES (6, 7, 1);
INSERT INTO Competence (competence_id, service_id, doctor_id) VALUES (7, 21, 3);
INSERT INTO Competence (competence_id, service_id, doctor_id) VALUES (8, 15, 5);
INSERT INTO Competence (competence_id, service_id, doctor_id) VALUES (9, 15, 5);
INSERT INTO Competence (competence_id, service_id, doctor_id) VALUES (10, 16, 15);
INSERT INTO Competence (competence_id, service_id, doctor_id) VALUES (11, 26, 12);
INSERT INTO Competence (competence_id, service_id, doctor_id) VALUES (12, 27, 5);
INSERT INTO Competence (competence_id, service_id, doctor_id) VALUES (13, 17, 1);
INSERT INTO Competence (competence_id, service_id, doctor_id) VALUES (14, 22, 15);
INSERT INTO Competence (competence_id, service_id, doctor_id) VALUES (15, 6, 10);
INSERT INTO Competence (competence_id, service_id, doctor_id) VALUES (16, 2, 1);
INSERT INTO Competence (competence_id, service_id, doctor_id) VALUES (17, 30, 11);
INSERT INTO Competence (competence_id, service_id, doctor_id) VALUES (18, 12, 9);
INSERT INTO Competence (competence_id, service_id, doctor_id) VALUES (19, 22, 3);
INSERT INTO Competence (competence_id, service_id, doctor_id) VALUES (20, 7, 8);
INSERT INTO Competence (competence_id, service_id, doctor_id) VALUES (21, 13, 1);
INSERT INTO Competence (competence_id, service_id, doctor_id) VALUES (22, 21, 2);
INSERT INTO Competence (competence_id, service_id, doctor_id) VALUES (23, 26, 6);
INSERT INTO Competence (competence_id, service_id, doctor_id) VALUES (24, 25, 3);
INSERT INTO Competence (competence_id, service_id, doctor_id) VALUES (25, 18, 7);
INSERT INTO Competence (competence_id, service_id, doctor_id) VALUES (26, 20, 8);
INSERT INTO Competence (competence_id, service_id, doctor_id) VALUES (27, 29, 13);
INSERT INTO Competence (competence_id, service_id, doctor_id) VALUES (28, 4, 11);
INSERT INTO Competence (competence_id, service_id, doctor_id) VALUES (29, 2, 13);
INSERT INTO Competence (competence_id, service_id, doctor_id) VALUES (30, 27, 6);
INSERT INTO Competence (competence_id, service_id, doctor_id) VALUES (31, 20, 2);
INSERT INTO Competence (competence_id, service_id, doctor_id) VALUES (32, 22, 2);
INSERT INTO Competence (competence_id, service_id, doctor_id) VALUES (33, 8, 14);
INSERT INTO Competence (competence_id, service_id, doctor_id) VALUES (34, 25, 9);
INSERT INTO Competence (competence_id, service_id, doctor_id) VALUES (35, 7, 14);
INSERT INTO Competence (competence_id, service_id, doctor_id) VALUES (36, 27, 14);
INSERT INTO Competence (competence_id, service_id, doctor_id) VALUES (37, 29, 3);
INSERT INTO Competence (competence_id, service_id, doctor_id) VALUES (38, 15, 13);
INSERT INTO Competence (competence_id, service_id, doctor_id) VALUES (39, 8, 5);
INSERT INTO Competence (competence_id, service_id, doctor_id) VALUES (40, 18, 8);
INSERT INTO Competence (competence_id, service_id, doctor_id) VALUES (41, 15, 2);
INSERT INTO Competence (competence_id, service_id, doctor_id) VALUES (42, 13, 2);
INSERT INTO Competence (competence_id, service_id, doctor_id) VALUES (43, 7, 6);
INSERT INTO Competence (competence_id, service_id, doctor_id) VALUES (44, 7, 7);
INSERT INTO Competence (competence_id, service_id, doctor_id) VALUES (45, 19, 14);
INSERT INTO Competence (competence_id, service_id, doctor_id) VALUES (46, 30, 5);
INSERT INTO Competence (competence_id, service_id, doctor_id) VALUES (47, 1, 13);
INSERT INTO Competence (competence_id, service_id, doctor_id) VALUES (48, 12, 5);
INSERT INTO Competence (competence_id, service_id, doctor_id) VALUES (49, 22, 7);
INSERT INTO Competence (competence_id, service_id, doctor_id) VALUES (50, 29, 2);
INSERT INTO Competence (competence_id, service_id, doctor_id) VALUES (51, 1, 7);
INSERT INTO Competence (competence_id, service_id, doctor_id) VALUES (52, 8, 13);
INSERT INTO Competence (competence_id, service_id, doctor_id) VALUES (53, 13, 8);
INSERT INTO Competence (competence_id, service_id, doctor_id) VALUES (54, 6, 4);
INSERT INTO Competence (competence_id, service_id, doctor_id) VALUES (55, 28, 11);
INSERT INTO Competence (competence_id, service_id, doctor_id) VALUES (56, 8, 15);
INSERT INTO Competence (competence_id, service_id, doctor_id) VALUES (57, 3, 2);
INSERT INTO Competence (competence_id, service_id, doctor_id) VALUES (58, 13, 11);
INSERT INTO Competence (competence_id, service_id, doctor_id) VALUES (59, 25, 6);
INSERT INTO Competence (competence_id, service_id, doctor_id) VALUES (60, 10, 10);
INSERT INTO Competence (competence_id, service_id, doctor_id) VALUES (61, 13, 10);
INSERT INTO Competence (competence_id, service_id, doctor_id) VALUES (62, 23, 2);
INSERT INTO Competence (competence_id, service_id, doctor_id) VALUES (63, 26, 4);
INSERT INTO Competence (competence_id, service_id, doctor_id) VALUES (64, 23, 1);
INSERT INTO Competence (competence_id, service_id, doctor_id) VALUES (65, 30, 15);
INSERT INTO Competence (competence_id, service_id, doctor_id) VALUES (66, 19, 9);
INSERT INTO Competence (competence_id, service_id, doctor_id) VALUES (67, 20, 11);
INSERT INTO Competence (competence_id, service_id, doctor_id) VALUES (68, 14, 4);
INSERT INTO Competence (competence_id, service_id, doctor_id) VALUES (69, 27, 4);
INSERT INTO Competence (competence_id, service_id, doctor_id) VALUES (70, 9, 13);
INSERT INTO Competence (competence_id, service_id, doctor_id) VALUES (71, 18, 8);
INSERT INTO Competence (competence_id, service_id, doctor_id) VALUES (72, 5, 4);
INSERT INTO Competence (competence_id, service_id, doctor_id) VALUES (73, 14, 4);
INSERT INTO Competence (competence_id, service_id, doctor_id) VALUES (74, 30, 14);
INSERT INTO Competence (competence_id, service_id, doctor_id) VALUES (75, 9, 11);
INSERT INTO Competence (competence_id, service_id, doctor_id) VALUES (76, 10, 7);
INSERT INTO Competence (competence_id, service_id, doctor_id) VALUES (77, 19, 2);
INSERT INTO Competence (competence_id, service_id, doctor_id) VALUES (78, 13, 8);
INSERT INTO Competence (competence_id, service_id, doctor_id) VALUES (79, 23, 10);
INSERT INTO Competence (competence_id, service_id, doctor_id) VALUES (80, 6, 6);
INSERT INTO Competence (competence_id, service_id, doctor_id) VALUES (81, 29, 9);
INSERT INTO Competence (competence_id, service_id, doctor_id) VALUES (82, 9, 15);
INSERT INTO Competence (competence_id, service_id, doctor_id) VALUES (83, 21, 13);
INSERT INTO Competence (competence_id, service_id, doctor_id) VALUES (84, 12, 13);
INSERT INTO Competence (competence_id, service_id, doctor_id) VALUES (85, 26, 14);
INSERT INTO Competence (competence_id, service_id, doctor_id) VALUES (86, 25, 11);
INSERT INTO Competence (competence_id, service_id, doctor_id) VALUES (87, 4, 10);
INSERT INTO Competence (competence_id, service_id, doctor_id) VALUES (88, 27, 11);
INSERT INTO Competence (competence_id, service_id, doctor_id) VALUES (89, 6, 1);
INSERT INTO Competence (competence_id, service_id, doctor_id) VALUES (90, 11, 9);
INSERT INTO Competence (competence_id, service_id, doctor_id) VALUES (91, 30, 7);
INSERT INTO Competence (competence_id, service_id, doctor_id) VALUES (92, 18, 3);
INSERT INTO Competence (competence_id, service_id, doctor_id) VALUES (93, 9, 9);
INSERT INTO Competence (competence_id, service_id, doctor_id) VALUES (94, 21, 13);
INSERT INTO Competence (competence_id, service_id, doctor_id) VALUES (95, 10, 3);
INSERT INTO Competence (competence_id, service_id, doctor_id) VALUES (96, 11, 15);
INSERT INTO Competence (competence_id, service_id, doctor_id) VALUES (97, 17, 9);
INSERT INTO Competence (competence_id, service_id, doctor_id) VALUES (98, 12, 12);
INSERT INTO Competence (competence_id, service_id, doctor_id) VALUES (99, 15, 6);
INSERT INTO Competence (competence_id, service_id, doctor_id) VALUES (100, 13, 3);
INSERT INTO Competence (competence_id, service_id, doctor_id) VALUES (101, 20, 10);
INSERT INTO Competence (competence_id, service_id, doctor_id) VALUES (102, 23, 7);
INSERT INTO Competence (competence_id, service_id, doctor_id) VALUES (103, 19, 13);
INSERT INTO Competence (competence_id, service_id, doctor_id) VALUES (104, 7, 10);
INSERT INTO Competence (competence_id, service_id, doctor_id) VALUES (105, 11, 6);
INSERT INTO Competence (competence_id, service_id, doctor_id) VALUES (106, 13, 12);
INSERT INTO Competence (competence_id, service_id, doctor_id) VALUES (107, 26, 15);
INSERT INTO Competence (competence_id, service_id, doctor_id) VALUES (108, 21, 7);
INSERT INTO Competence (competence_id, service_id, doctor_id) VALUES (109, 26, 8);
INSERT INTO Competence (competence_id, service_id, doctor_id) VALUES (110, 4, 3);
INSERT INTO Competence (competence_id, service_id, doctor_id) VALUES (111, 21, 1);
INSERT INTO Competence (competence_id, service_id, doctor_id) VALUES (112, 1, 4);
INSERT INTO Competence (competence_id, service_id, doctor_id) VALUES (113, 7, 9);
INSERT INTO Competence (competence_id, service_id, doctor_id) VALUES (114, 3, 12);
INSERT INTO Competence (competence_id, service_id, doctor_id) VALUES (115, 30, 14);
INSERT INTO Competence (competence_id, service_id, doctor_id) VALUES (116, 9, 9);
INSERT INTO Competence (competence_id, service_id, doctor_id) VALUES (117, 2, 3);
INSERT INTO Competence (competence_id, service_id, doctor_id) VALUES (118, 27, 12);
INSERT INTO Competence (competence_id, service_id, doctor_id) VALUES (119, 4, 11);
INSERT INTO Competence (competence_id, service_id, doctor_id) VALUES (120, 5, 10);
INSERT INTO Competence (competence_id, service_id, doctor_id) VALUES (121, 30, 10);
INSERT INTO Competence (competence_id, service_id, doctor_id) VALUES (122, 2, 7);
INSERT INTO Competence (competence_id, service_id, doctor_id) VALUES (123, 3, 11);
INSERT INTO Competence (competence_id, service_id, doctor_id) VALUES (124, 10, 2);
INSERT INTO Competence (competence_id, service_id, doctor_id) VALUES (125, 4, 4);
INSERT INTO Competence (competence_id, service_id, doctor_id) VALUES (126, 22, 2);
INSERT INTO Competence (competence_id, service_id, doctor_id) VALUES (127, 9, 2);
INSERT INTO Competence (competence_id, service_id, doctor_id) VALUES (128, 29, 3);
INSERT INTO Competence (competence_id, service_id, doctor_id) VALUES (129, 4, 7);
INSERT INTO Competence (competence_id, service_id, doctor_id) VALUES (130, 20, 9);
INSERT INTO Competence (competence_id, service_id, doctor_id) VALUES (131, 26, 1);
INSERT INTO Competence (competence_id, service_id, doctor_id) VALUES (132, 25, 13);
INSERT INTO Competence (competence_id, service_id, doctor_id) VALUES (133, 30, 10);
INSERT INTO Competence (competence_id, service_id, doctor_id) VALUES (134, 30, 8);
INSERT INTO Competence (competence_id, service_id, doctor_id) VALUES (135, 8, 15);
INSERT INTO Competence (competence_id, service_id, doctor_id) VALUES (136, 15, 11);
INSERT INTO Competence (competence_id, service_id, doctor_id) VALUES (137, 25, 1);
INSERT INTO Competence (competence_id, service_id, doctor_id) VALUES (138, 4, 6);
INSERT INTO Competence (competence_id, service_id, doctor_id) VALUES (139, 15, 15);
INSERT INTO Competence (competence_id, service_id, doctor_id) VALUES (140, 3, 11);
INSERT INTO Competence (competence_id, service_id, doctor_id) VALUES (141, 26, 8);
INSERT INTO Competence (competence_id, service_id, doctor_id) VALUES (142, 2, 3);
INSERT INTO Competence (competence_id, service_id, doctor_id) VALUES (143, 20, 12);
INSERT INTO Competence (competence_id, service_id, doctor_id) VALUES (144, 19, 15);
INSERT INTO Competence (competence_id, service_id, doctor_id) VALUES (145, 26, 10);
INSERT INTO Competence (competence_id, service_id, doctor_id) VALUES (146, 7, 11);
INSERT INTO Competence (competence_id, service_id, doctor_id) VALUES (147, 20, 9);
INSERT INTO Competence (competence_id, service_id, doctor_id) VALUES (148, 22, 12);
INSERT INTO Competence (competence_id, service_id, doctor_id) VALUES (149, 4, 7);
INSERT INTO Competence (competence_id, service_id, doctor_id) VALUES (150, 19, 13);
INSERT INTO Competence (competence_id, service_id, doctor_id) VALUES (151, 20, 11);
INSERT INTO Competence (competence_id, service_id, doctor_id) VALUES (152, 6, 8);
INSERT INTO Competence (competence_id, service_id, doctor_id) VALUES (153, 7, 12);
INSERT INTO Competence (competence_id, service_id, doctor_id) VALUES (154, 1, 5);
INSERT INTO Competence (competence_id, service_id, doctor_id) VALUES (155, 7, 2);
INSERT INTO Competence (competence_id, service_id, doctor_id) VALUES (156, 26, 3);
INSERT INTO Competence (competence_id, service_id, doctor_id) VALUES (157, 6, 10);
INSERT INTO Competence (competence_id, service_id, doctor_id) VALUES (158, 6, 13);
INSERT INTO Competence (competence_id, service_id, doctor_id) VALUES (159, 6, 7);
INSERT INTO Competence (competence_id, service_id, doctor_id) VALUES (160, 22, 13);
INSERT INTO Competence (competence_id, service_id, doctor_id) VALUES (161, 24, 8);
INSERT INTO Competence (competence_id, service_id, doctor_id) VALUES (162, 2, 11);
INSERT INTO Competence (competence_id, service_id, doctor_id) VALUES (163, 10, 13);
INSERT INTO Competence (competence_id, service_id, doctor_id) VALUES (164, 4, 6);
INSERT INTO Competence (competence_id, service_id, doctor_id) VALUES (165, 6, 14);
INSERT INTO Competence (competence_id, service_id, doctor_id) VALUES (166, 22, 15);
INSERT INTO Competence (competence_id, service_id, doctor_id) VALUES (167, 15, 15);
INSERT INTO Competence (competence_id, service_id, doctor_id) VALUES (168, 9, 4);
INSERT INTO Competence (competence_id, service_id, doctor_id) VALUES (169, 16, 7);
INSERT INTO Competence (competence_id, service_id, doctor_id) VALUES (170, 17, 9);
INSERT INTO Competence (competence_id, service_id, doctor_id) VALUES (171, 21, 10);
INSERT INTO Competence (competence_id, service_id, doctor_id) VALUES (172, 26, 8);
INSERT INTO Competence (competence_id, service_id, doctor_id) VALUES (173, 8, 14);
INSERT INTO Competence (competence_id, service_id, doctor_id) VALUES (174, 18, 1);
INSERT INTO Competence (competence_id, service_id, doctor_id) VALUES (175, 27, 12);
INSERT INTO Competence (competence_id, service_id, doctor_id) VALUES (176, 27, 11);
INSERT INTO Competence (competence_id, service_id, doctor_id) VALUES (177, 7, 4);
INSERT INTO Competence (competence_id, service_id, doctor_id) VALUES (178, 2, 8);
INSERT INTO Competence (competence_id, service_id, doctor_id) VALUES (179, 4, 10);
INSERT INTO Competence (competence_id, service_id, doctor_id) VALUES (180, 2, 14);
INSERT INTO Competence (competence_id, service_id, doctor_id) VALUES (181, 3, 11);
INSERT INTO Competence (competence_id, service_id, doctor_id) VALUES (182, 26, 7);
INSERT INTO Competence (competence_id, service_id, doctor_id) VALUES (183, 27, 8);
INSERT INTO Competence (competence_id, service_id, doctor_id) VALUES (184, 28, 7);
INSERT INTO Competence (competence_id, service_id, doctor_id) VALUES (185, 19, 11);
INSERT INTO Competence (competence_id, service_id, doctor_id) VALUES (186, 28, 4);
INSERT INTO Competence (competence_id, service_id, doctor_id) VALUES (187, 2, 15);
INSERT INTO Competence (competence_id, service_id, doctor_id) VALUES (188, 29, 1);
INSERT INTO Competence (competence_id, service_id, doctor_id) VALUES (189, 27, 1);
INSERT INTO Competence (competence_id, service_id, doctor_id) VALUES (190, 2, 11);
INSERT INTO Competence (competence_id, service_id, doctor_id) VALUES (191, 30, 8);
INSERT INTO Competence (competence_id, service_id, doctor_id) VALUES (192, 8, 14);
INSERT INTO Competence (competence_id, service_id, doctor_id) VALUES (193, 4, 5);



INSERT INTO Schedule (window_id, competence_id, start_timestamp, end_timestamp) VALUES (1, 188, '2024-04-01 08:00:00.000000', '2024-04-01 08:30:00.000000');
INSERT INTO Schedule (window_id, competence_id, start_timestamp, end_timestamp) VALUES (2, 188, '2024-04-01 08:30:00.000000', '2024-04-01 09:00:00.000000');
INSERT INTO Schedule (window_id, competence_id, start_timestamp, end_timestamp) VALUES (3, 188, '2024-04-01 09:00:00.000000', '2024-04-01 09:30:00.000000');
INSERT INTO Schedule (window_id, competence_id, start_timestamp, end_timestamp) VALUES (4, 188, '2024-04-01 09:30:00.000000', '2024-04-01 10:00:00.000000');
INSERT INTO Schedule (window_id, competence_id, start_timestamp, end_timestamp) VALUES (5, 188, '2024-04-01 10:00:00.000000', '2024-04-01 10:30:00.000000');
INSERT INTO Schedule (window_id, competence_id, start_timestamp, end_timestamp) VALUES (6, 188, '2024-04-01 10:30:00.000000', '2024-04-01 11:00:00.000000');
INSERT INTO Schedule (window_id, competence_id, start_timestamp, end_timestamp) VALUES (7, 188, '2024-04-01 11:00:00.000000', '2024-04-01 11:30:00.000000');
INSERT INTO Schedule (window_id, competence_id, start_timestamp, end_timestamp) VALUES (8, 188, '2024-04-01 11:30:00.000000', '2024-04-01 12:00:00.000000');
INSERT INTO Schedule (window_id, competence_id, start_timestamp, end_timestamp) VALUES (9, 188, '2024-04-01 12:00:00.000000', '2024-04-01 12:30:00.000000');
INSERT INTO Schedule (window_id, competence_id, start_timestamp, end_timestamp) VALUES (10, 188, '2024-04-01 12:30:00.000000', '2024-04-01 13:00:00.000000');
INSERT INTO Schedule (window_id, competence_id, start_timestamp, end_timestamp) VALUES (11, 188, '2024-04-01 13:00:00.000000', '2024-04-01 13:30:00.000000');
INSERT INTO Schedule (window_id, competence_id, start_timestamp, end_timestamp) VALUES (12, 188, '2024-04-01 13:30:00.000000', '2024-04-01 14:00:00.000000');
INSERT INTO Schedule (window_id, competence_id, start_timestamp, end_timestamp) VALUES (13, 188, '2024-04-01 14:00:00.000000', '2024-04-01 14:30:00.000000');
INSERT INTO Schedule (window_id, competence_id, start_timestamp, end_timestamp) VALUES (14, 188, '2024-04-01 14:30:00.000000', '2024-04-01 15:00:00.000000');
INSERT INTO Schedule (window_id, competence_id, start_timestamp, end_timestamp) VALUES (15, 188, '2024-04-01 15:00:00.000000', '2024-04-01 15:30:00.000000');
INSERT INTO Schedule (window_id, competence_id, start_timestamp, end_timestamp) VALUES (16, 188, '2024-04-01 15:30:00.000000', '2024-04-01 16:00:00.000000');
INSERT INTO Schedule (window_id, competence_id, start_timestamp, end_timestamp) VALUES (17, 188, '2024-04-01 16:00:00.000000', '2024-04-01 16:30:00.000000');
INSERT INTO Schedule (window_id, competence_id, start_timestamp, end_timestamp) VALUES (18, 41, '2024-04-01 08:00:00.000000', '2024-04-01 08:30:00.000000');
INSERT INTO Schedule (window_id, competence_id, start_timestamp, end_timestamp) VALUES (19, 62, '2024-04-01 08:30:00.000000', '2024-04-01 09:00:00.000000');
INSERT INTO Schedule (window_id, competence_id, start_timestamp, end_timestamp) VALUES (20, 62, '2024-04-01 09:00:00.000000', '2024-04-01 09:30:00.000000');
INSERT INTO Schedule (window_id, competence_id, start_timestamp, end_timestamp) VALUES (21, 62, '2024-04-01 09:30:00.000000', '2024-04-01 10:00:00.000000');
INSERT INTO Schedule (window_id, competence_id, start_timestamp, end_timestamp) VALUES (22, 62, '2024-04-01 10:00:00.000000', '2024-04-01 10:30:00.000000');
INSERT INTO Schedule (window_id, competence_id, start_timestamp, end_timestamp) VALUES (23, 22, '2024-04-01 10:30:00.000000', '2024-04-01 11:00:00.000000');
INSERT INTO Schedule (window_id, competence_id, start_timestamp, end_timestamp) VALUES (24, 22, '2024-04-01 11:00:00.000000', '2024-04-01 11:30:00.000000');
INSERT INTO Schedule (window_id, competence_id, start_timestamp, end_timestamp) VALUES (25, 22, '2024-04-01 11:30:00.000000', '2024-04-01 12:00:00.000000');
INSERT INTO Schedule (window_id, competence_id, start_timestamp, end_timestamp) VALUES (26, 22, '2024-04-01 12:00:00.000000', '2024-04-01 12:30:00.000000');
INSERT INTO Schedule (window_id, competence_id, start_timestamp, end_timestamp) VALUES (27, 22, '2024-04-01 12:30:00.000000', '2024-04-01 13:00:00.000000');
INSERT INTO Schedule (window_id, competence_id, start_timestamp, end_timestamp) VALUES (28, 22, '2024-04-01 13:00:00.000000', '2024-04-01 13:30:00.000000');
INSERT INTO Schedule (window_id, competence_id, start_timestamp, end_timestamp) VALUES (29, 22, '2024-04-01 13:30:00.000000', '2024-04-01 14:00:00.000000');
INSERT INTO Schedule (window_id, competence_id, start_timestamp, end_timestamp) VALUES (30, 22, '2024-04-01 14:00:00.000000', '2024-04-01 14:30:00.000000');
INSERT INTO Schedule (window_id, competence_id, start_timestamp, end_timestamp) VALUES (31, 22, '2024-04-01 14:30:00.000000', '2024-04-01 15:00:00.000000');
INSERT INTO Schedule (window_id, competence_id, start_timestamp, end_timestamp) VALUES (32, 22, '2024-04-01 15:00:00.000000', '2024-04-01 15:30:00.000000');
INSERT INTO Schedule (window_id, competence_id, start_timestamp, end_timestamp) VALUES (33, 22, '2024-04-01 15:30:00.000000', '2024-04-01 16:00:00.000000');
INSERT INTO Schedule (window_id, competence_id, start_timestamp, end_timestamp) VALUES (34, 128, '2024-04-01 08:00:00.000000', '2024-04-01 08:30:00.000000');
INSERT INTO Schedule (window_id, competence_id, start_timestamp, end_timestamp) VALUES (35, 128, '2024-04-01 08:30:00.000000', '2024-04-01 09:00:00.000000');
INSERT INTO Schedule (window_id, competence_id, start_timestamp, end_timestamp) VALUES (36, 128, '2024-04-01 09:00:00.000000', '2024-04-01 09:30:00.000000');
INSERT INTO Schedule (window_id, competence_id, start_timestamp, end_timestamp) VALUES (37, 128, '2024-04-01 09:30:00.000000', '2024-04-01 10:00:00.000000');
INSERT INTO Schedule (window_id, competence_id, start_timestamp, end_timestamp) VALUES (38, 128, '2024-04-01 10:00:00.000000', '2024-04-01 10:30:00.000000');
INSERT INTO Schedule (window_id, competence_id, start_timestamp, end_timestamp) VALUES (39, 128, '2024-04-01 10:30:00.000000', '2024-04-01 11:00:00.000000');
INSERT INTO Schedule (window_id, competence_id, start_timestamp, end_timestamp) VALUES (40, 128, '2024-04-01 11:00:00.000000', '2024-04-01 11:30:00.000000');
INSERT INTO Schedule (window_id, competence_id, start_timestamp, end_timestamp) VALUES (41, 128, '2024-04-01 11:30:00.000000', '2024-04-01 12:00:00.000000');
INSERT INTO Schedule (window_id, competence_id, start_timestamp, end_timestamp) VALUES (42, 128, '2024-04-01 12:00:00.000000', '2024-04-01 12:30:00.000000');
INSERT INTO Schedule (window_id, competence_id, start_timestamp, end_timestamp) VALUES (43, 128, '2024-04-01 12:30:00.000000', '2024-04-01 13:00:00.000000');
INSERT INTO Schedule (window_id, competence_id, start_timestamp, end_timestamp) VALUES (44, 128, '2024-04-01 13:00:00.000000', '2024-04-01 13:30:00.000000');
INSERT INTO Schedule (window_id, competence_id, start_timestamp, end_timestamp) VALUES (45, 128, '2024-04-01 13:30:00.000000', '2024-04-01 14:00:00.000000');
INSERT INTO Schedule (window_id, competence_id, start_timestamp, end_timestamp) VALUES (46, 128, '2024-04-01 14:00:00.000000', '2024-04-01 14:30:00.000000');
INSERT INTO Schedule (window_id, competence_id, start_timestamp, end_timestamp) VALUES (47, 128, '2024-04-01 14:30:00.000000', '2024-04-01 15:00:00.000000');
INSERT INTO Schedule (window_id, competence_id, start_timestamp, end_timestamp) VALUES (48, 128, '2024-04-01 15:00:00.000000', '2024-04-01 15:30:00.000000');
INSERT INTO Schedule (window_id, competence_id, start_timestamp, end_timestamp) VALUES (49, 128, '2024-04-01 15:30:00.000000', '2024-04-01 16:00:00.000000');
INSERT INTO Schedule (window_id, competence_id, start_timestamp, end_timestamp) VALUES (50, 128, '2024-04-01 16:00:00.000000', '2024-04-01 16:30:00.000000');
INSERT INTO Schedule (window_id, competence_id, start_timestamp, end_timestamp) VALUES (51, 128, '2024-04-01 16:30:00.000000', '2024-04-01 17:00:00.000000');
INSERT INTO Schedule (window_id, competence_id, start_timestamp, end_timestamp) VALUES (52, 128, '2024-04-01 17:00:00.000000', '2024-04-01 17:30:00.000000');
INSERT INTO Schedule (window_id, competence_id, start_timestamp, end_timestamp) VALUES (53, 177, '2024-04-01 08:00:00.000000', '2024-04-01 08:30:00.000000');
INSERT INTO Schedule (window_id, competence_id, start_timestamp, end_timestamp) VALUES (54, 177, '2024-04-01 08:30:00.000000', '2024-04-01 09:00:00.000000');
INSERT INTO Schedule (window_id, competence_id, start_timestamp, end_timestamp) VALUES (55, 73, '2024-04-01 09:00:00.000000', '2024-04-01 09:30:00.000000');
INSERT INTO Schedule (window_id, competence_id, start_timestamp, end_timestamp) VALUES (56, 73, '2024-04-01 09:30:00.000000', '2024-04-01 10:00:00.000000');
INSERT INTO Schedule (window_id, competence_id, start_timestamp, end_timestamp) VALUES (57, 73, '2024-04-01 10:00:00.000000', '2024-04-01 10:30:00.000000');
INSERT INTO Schedule (window_id, competence_id, start_timestamp, end_timestamp) VALUES (58, 73, '2024-04-01 10:30:00.000000', '2024-04-01 11:00:00.000000');
INSERT INTO Schedule (window_id, competence_id, start_timestamp, end_timestamp) VALUES (59, 73, '2024-04-01 11:00:00.000000', '2024-04-01 11:30:00.000000');
INSERT INTO Schedule (window_id, competence_id, start_timestamp, end_timestamp) VALUES (60, 46, '2024-04-01 08:00:00.000000', '2024-04-01 08:30:00.000000');
INSERT INTO Schedule (window_id, competence_id, start_timestamp, end_timestamp) VALUES (61, 46, '2024-04-01 08:30:00.000000', '2024-04-01 09:00:00.000000');
INSERT INTO Schedule (window_id, competence_id, start_timestamp, end_timestamp) VALUES (62, 46, '2024-04-01 09:00:00.000000', '2024-04-01 09:30:00.000000');
INSERT INTO Schedule (window_id, competence_id, start_timestamp, end_timestamp) VALUES (63, 46, '2024-04-01 09:30:00.000000', '2024-04-01 10:00:00.000000');
INSERT INTO Schedule (window_id, competence_id, start_timestamp, end_timestamp) VALUES (64, 46, '2024-04-01 10:00:00.000000', '2024-04-01 10:30:00.000000');
INSERT INTO Schedule (window_id, competence_id, start_timestamp, end_timestamp) VALUES (65, 12, '2024-04-01 10:30:00.000000', '2024-04-01 11:00:00.000000');
INSERT INTO Schedule (window_id, competence_id, start_timestamp, end_timestamp) VALUES (66, 12, '2024-04-01 11:00:00.000000', '2024-04-01 11:30:00.000000');
INSERT INTO Schedule (window_id, competence_id, start_timestamp, end_timestamp) VALUES (67, 12, '2024-04-01 11:30:00.000000', '2024-04-01 12:00:00.000000');
INSERT INTO Schedule (window_id, competence_id, start_timestamp, end_timestamp) VALUES (68, 12, '2024-04-01 12:00:00.000000', '2024-04-01 12:30:00.000000');
INSERT INTO Schedule (window_id, competence_id, start_timestamp, end_timestamp) VALUES (69, 12, '2024-04-01 12:30:00.000000', '2024-04-01 13:00:00.000000');
INSERT INTO Schedule (window_id, competence_id, start_timestamp, end_timestamp) VALUES (70, 12, '2024-04-01 13:00:00.000000', '2024-04-01 13:30:00.000000');
INSERT INTO Schedule (window_id, competence_id, start_timestamp, end_timestamp) VALUES (71, 12, '2024-04-01 13:30:00.000000', '2024-04-01 14:00:00.000000');
INSERT INTO Schedule (window_id, competence_id, start_timestamp, end_timestamp) VALUES (72, 12, '2024-04-01 14:00:00.000000', '2024-04-01 14:30:00.000000');
INSERT INTO Schedule (window_id, competence_id, start_timestamp, end_timestamp) VALUES (73, 12, '2024-04-01 14:30:00.000000', '2024-04-01 15:00:00.000000');
INSERT INTO Schedule (window_id, competence_id, start_timestamp, end_timestamp) VALUES (74, 12, '2024-04-01 15:00:00.000000', '2024-04-01 15:30:00.000000');
INSERT INTO Schedule (window_id, competence_id, start_timestamp, end_timestamp) VALUES (75, 43, '2024-04-01 08:00:00.000000', '2024-04-01 08:30:00.000000');
INSERT INTO Schedule (window_id, competence_id, start_timestamp, end_timestamp) VALUES (76, 43, '2024-04-01 08:30:00.000000', '2024-04-01 09:00:00.000000');
INSERT INTO Schedule (window_id, competence_id, start_timestamp, end_timestamp) VALUES (77, 43, '2024-04-01 09:00:00.000000', '2024-04-01 09:30:00.000000');
INSERT INTO Schedule (window_id, competence_id, start_timestamp, end_timestamp) VALUES (78, 43, '2024-04-01 09:30:00.000000', '2024-04-01 10:00:00.000000');
INSERT INTO Schedule (window_id, competence_id, start_timestamp, end_timestamp) VALUES (79, 43, '2024-04-01 10:00:00.000000', '2024-04-01 10:30:00.000000');
INSERT INTO Schedule (window_id, competence_id, start_timestamp, end_timestamp) VALUES (80, 43, '2024-04-01 10:30:00.000000', '2024-04-01 11:00:00.000000');
INSERT INTO Schedule (window_id, competence_id, start_timestamp, end_timestamp) VALUES (81, 43, '2024-04-01 11:00:00.000000', '2024-04-01 11:30:00.000000');
INSERT INTO Schedule (window_id, competence_id, start_timestamp, end_timestamp) VALUES (82, 43, '2024-04-01 11:30:00.000000', '2024-04-01 12:00:00.000000');
INSERT INTO Schedule (window_id, competence_id, start_timestamp, end_timestamp) VALUES (83, 43, '2024-04-01 12:00:00.000000', '2024-04-01 12:30:00.000000');
INSERT INTO Schedule (window_id, competence_id, start_timestamp, end_timestamp) VALUES (84, 43, '2024-04-01 12:30:00.000000', '2024-04-01 13:00:00.000000');
INSERT INTO Schedule (window_id, competence_id, start_timestamp, end_timestamp) VALUES (85, 43, '2024-04-01 13:00:00.000000', '2024-04-01 13:30:00.000000');
INSERT INTO Schedule (window_id, competence_id, start_timestamp, end_timestamp) VALUES (86, 43, '2024-04-01 13:30:00.000000', '2024-04-01 14:00:00.000000');
INSERT INTO Schedule (window_id, competence_id, start_timestamp, end_timestamp) VALUES (87, 43, '2024-04-01 14:00:00.000000', '2024-04-01 14:30:00.000000');
INSERT INTO Schedule (window_id, competence_id, start_timestamp, end_timestamp) VALUES (88, 80, '2024-04-01 14:30:00.000000', '2024-04-01 15:00:00.000000');
INSERT INTO Schedule (window_id, competence_id, start_timestamp, end_timestamp) VALUES (89, 80, '2024-04-01 15:00:00.000000', '2024-04-01 15:30:00.000000');
INSERT INTO Schedule (window_id, competence_id, start_timestamp, end_timestamp) VALUES (90, 80, '2024-04-01 15:30:00.000000', '2024-04-01 16:00:00.000000');
INSERT INTO Schedule (window_id, competence_id, start_timestamp, end_timestamp) VALUES (91, 164, '2024-04-01 16:00:00.000000', '2024-04-01 16:30:00.000000');
INSERT INTO Schedule (window_id, competence_id, start_timestamp, end_timestamp) VALUES (92, 164, '2024-04-01 16:30:00.000000', '2024-04-01 17:00:00.000000');
INSERT INTO Schedule (window_id, competence_id, start_timestamp, end_timestamp) VALUES (93, 164, '2024-04-01 17:00:00.000000', '2024-04-01 17:30:00.000000');
INSERT INTO Schedule (window_id, competence_id, start_timestamp, end_timestamp) VALUES (94, 164, '2024-04-01 17:30:00.000000', '2024-04-01 18:00:00.000000');
INSERT INTO Schedule (window_id, competence_id, start_timestamp, end_timestamp) VALUES (95, 184, '2024-04-01 08:00:00.000000', '2024-04-01 08:30:00.000000');
INSERT INTO Schedule (window_id, competence_id, start_timestamp, end_timestamp) VALUES (96, 184, '2024-04-01 08:30:00.000000', '2024-04-01 09:00:00.000000');
INSERT INTO Schedule (window_id, competence_id, start_timestamp, end_timestamp) VALUES (97, 184, '2024-04-01 09:00:00.000000', '2024-04-01 09:30:00.000000');
INSERT INTO Schedule (window_id, competence_id, start_timestamp, end_timestamp) VALUES (98, 184, '2024-04-01 09:30:00.000000', '2024-04-01 10:00:00.000000');
INSERT INTO Schedule (window_id, competence_id, start_timestamp, end_timestamp) VALUES (99, 184, '2024-04-01 10:00:00.000000', '2024-04-01 10:30:00.000000');
INSERT INTO Schedule (window_id, competence_id, start_timestamp, end_timestamp) VALUES (100, 184, '2024-04-01 10:30:00.000000', '2024-04-01 11:00:00.000000');
INSERT INTO Schedule (window_id, competence_id, start_timestamp, end_timestamp) VALUES (101, 108, '2024-04-01 11:00:00.000000', '2024-04-01 11:30:00.000000');
INSERT INTO Schedule (window_id, competence_id, start_timestamp, end_timestamp) VALUES (102, 149, '2024-04-01 11:30:00.000000', '2024-04-01 12:00:00.000000');
INSERT INTO Schedule (window_id, competence_id, start_timestamp, end_timestamp) VALUES (103, 149, '2024-04-01 12:00:00.000000', '2024-04-01 12:30:00.000000');
INSERT INTO Schedule (window_id, competence_id, start_timestamp, end_timestamp) VALUES (104, 149, '2024-04-01 12:30:00.000000', '2024-04-01 13:00:00.000000');
INSERT INTO Schedule (window_id, competence_id, start_timestamp, end_timestamp) VALUES (105, 149, '2024-04-01 13:00:00.000000', '2024-04-01 13:30:00.000000');
INSERT INTO Schedule (window_id, competence_id, start_timestamp, end_timestamp) VALUES (106, 149, '2024-04-01 13:30:00.000000', '2024-04-01 14:00:00.000000');
INSERT INTO Schedule (window_id, competence_id, start_timestamp, end_timestamp) VALUES (107, 149, '2024-04-01 14:00:00.000000', '2024-04-01 14:30:00.000000');
INSERT INTO Schedule (window_id, competence_id, start_timestamp, end_timestamp) VALUES (108, 149, '2024-04-01 14:30:00.000000', '2024-04-01 15:00:00.000000');
INSERT INTO Schedule (window_id, competence_id, start_timestamp, end_timestamp) VALUES (109, 149, '2024-04-01 15:00:00.000000', '2024-04-01 15:30:00.000000');
INSERT INTO Schedule (window_id, competence_id, start_timestamp, end_timestamp) VALUES (110, 149, '2024-04-01 15:30:00.000000', '2024-04-01 16:00:00.000000');
INSERT INTO Schedule (window_id, competence_id, start_timestamp, end_timestamp) VALUES (111, 149, '2024-04-01 16:00:00.000000', '2024-04-01 16:30:00.000000');
INSERT INTO Schedule (window_id, competence_id, start_timestamp, end_timestamp) VALUES (112, 97, '2024-04-01 08:00:00.000000', '2024-04-01 08:30:00.000000');
INSERT INTO Schedule (window_id, competence_id, start_timestamp, end_timestamp) VALUES (113, 97, '2024-04-01 08:30:00.000000', '2024-04-01 09:00:00.000000');
INSERT INTO Schedule (window_id, competence_id, start_timestamp, end_timestamp) VALUES (114, 97, '2024-04-01 09:00:00.000000', '2024-04-01 09:30:00.000000');
INSERT INTO Schedule (window_id, competence_id, start_timestamp, end_timestamp) VALUES (115, 97, '2024-04-01 09:30:00.000000', '2024-04-01 10:00:00.000000');
INSERT INTO Schedule (window_id, competence_id, start_timestamp, end_timestamp) VALUES (116, 97, '2024-04-01 10:00:00.000000', '2024-04-01 10:30:00.000000');
INSERT INTO Schedule (window_id, competence_id, start_timestamp, end_timestamp) VALUES (117, 97, '2024-04-01 10:30:00.000000', '2024-04-01 11:00:00.000000');
INSERT INTO Schedule (window_id, competence_id, start_timestamp, end_timestamp) VALUES (118, 97, '2024-04-01 11:00:00.000000', '2024-04-01 11:30:00.000000');
INSERT INTO Schedule (window_id, competence_id, start_timestamp, end_timestamp) VALUES (119, 97, '2024-04-01 11:30:00.000000', '2024-04-01 12:00:00.000000');
INSERT INTO Schedule (window_id, competence_id, start_timestamp, end_timestamp) VALUES (120, 97, '2024-04-01 12:00:00.000000', '2024-04-01 12:30:00.000000');
INSERT INTO Schedule (window_id, competence_id, start_timestamp, end_timestamp) VALUES (121, 97, '2024-04-01 12:30:00.000000', '2024-04-01 13:00:00.000000');
INSERT INTO Schedule (window_id, competence_id, start_timestamp, end_timestamp) VALUES (122, 97, '2024-04-01 13:00:00.000000', '2024-04-01 13:30:00.000000');
INSERT INTO Schedule (window_id, competence_id, start_timestamp, end_timestamp) VALUES (123, 97, '2024-04-01 13:30:00.000000', '2024-04-01 14:00:00.000000');
INSERT INTO Schedule (window_id, competence_id, start_timestamp, end_timestamp) VALUES (124, 97, '2024-04-01 14:00:00.000000', '2024-04-01 14:30:00.000000');
INSERT INTO Schedule (window_id, competence_id, start_timestamp, end_timestamp) VALUES (125, 97, '2024-04-01 14:30:00.000000', '2024-04-01 15:00:00.000000');
INSERT INTO Schedule (window_id, competence_id, start_timestamp, end_timestamp) VALUES (126, 97, '2024-04-01 15:00:00.000000', '2024-04-01 15:30:00.000000');
INSERT INTO Schedule (window_id, competence_id, start_timestamp, end_timestamp) VALUES (127, 97, '2024-04-01 15:30:00.000000', '2024-04-01 16:00:00.000000');
INSERT INTO Schedule (window_id, competence_id, start_timestamp, end_timestamp) VALUES (128, 75, '2024-04-01 08:00:00.000000', '2024-04-01 08:30:00.000000');
INSERT INTO Schedule (window_id, competence_id, start_timestamp, end_timestamp) VALUES (129, 75, '2024-04-01 08:30:00.000000', '2024-04-01 09:00:00.000000');
INSERT INTO Schedule (window_id, competence_id, start_timestamp, end_timestamp) VALUES (130, 176, '2024-04-01 09:00:00.000000', '2024-04-01 09:30:00.000000');
INSERT INTO Schedule (window_id, competence_id, start_timestamp, end_timestamp) VALUES (131, 176, '2024-04-01 09:30:00.000000', '2024-04-01 10:00:00.000000');
INSERT INTO Schedule (window_id, competence_id, start_timestamp, end_timestamp) VALUES (132, 176, '2024-04-01 10:00:00.000000', '2024-04-01 10:30:00.000000');
INSERT INTO Schedule (window_id, competence_id, start_timestamp, end_timestamp) VALUES (133, 176, '2024-04-01 10:30:00.000000', '2024-04-01 11:00:00.000000');
INSERT INTO Schedule (window_id, competence_id, start_timestamp, end_timestamp) VALUES (134, 176, '2024-04-01 11:00:00.000000', '2024-04-01 11:30:00.000000');
INSERT INTO Schedule (window_id, competence_id, start_timestamp, end_timestamp) VALUES (135, 176, '2024-04-01 11:30:00.000000', '2024-04-01 12:00:00.000000');
INSERT INTO Schedule (window_id, competence_id, start_timestamp, end_timestamp) VALUES (136, 176, '2024-04-01 12:00:00.000000', '2024-04-01 12:30:00.000000');
INSERT INTO Schedule (window_id, competence_id, start_timestamp, end_timestamp) VALUES (137, 176, '2024-04-01 12:30:00.000000', '2024-04-01 13:00:00.000000');
INSERT INTO Schedule (window_id, competence_id, start_timestamp, end_timestamp) VALUES (138, 176, '2024-04-01 13:00:00.000000', '2024-04-01 13:30:00.000000');
INSERT INTO Schedule (window_id, competence_id, start_timestamp, end_timestamp) VALUES (139, 176, '2024-04-01 13:30:00.000000', '2024-04-01 14:00:00.000000');
INSERT INTO Schedule (window_id, competence_id, start_timestamp, end_timestamp) VALUES (140, 176, '2024-04-01 14:00:00.000000', '2024-04-01 14:30:00.000000');
INSERT INTO Schedule (window_id, competence_id, start_timestamp, end_timestamp) VALUES (141, 176, '2024-04-01 14:30:00.000000', '2024-04-01 15:00:00.000000');
INSERT INTO Schedule (window_id, competence_id, start_timestamp, end_timestamp) VALUES (142, 176, '2024-04-01 15:00:00.000000', '2024-04-01 15:30:00.000000');
INSERT INTO Schedule (window_id, competence_id, start_timestamp, end_timestamp) VALUES (143, 176, '2024-04-01 15:30:00.000000', '2024-04-01 16:00:00.000000');
INSERT INTO Schedule (window_id, competence_id, start_timestamp, end_timestamp) VALUES (144, 163, '2024-04-01 08:00:00.000000', '2024-04-01 08:30:00.000000');
INSERT INTO Schedule (window_id, competence_id, start_timestamp, end_timestamp) VALUES (145, 163, '2024-04-01 08:30:00.000000', '2024-04-01 09:00:00.000000');
INSERT INTO Schedule (window_id, competence_id, start_timestamp, end_timestamp) VALUES (146, 163, '2024-04-01 09:00:00.000000', '2024-04-01 09:30:00.000000');
INSERT INTO Schedule (window_id, competence_id, start_timestamp, end_timestamp) VALUES (147, 163, '2024-04-01 09:30:00.000000', '2024-04-01 10:00:00.000000');
INSERT INTO Schedule (window_id, competence_id, start_timestamp, end_timestamp) VALUES (148, 163, '2024-04-01 10:00:00.000000', '2024-04-01 10:30:00.000000');
INSERT INTO Schedule (window_id, competence_id, start_timestamp, end_timestamp) VALUES (149, 163, '2024-04-01 10:30:00.000000', '2024-04-01 11:00:00.000000');
INSERT INTO Schedule (window_id, competence_id, start_timestamp, end_timestamp) VALUES (150, 163, '2024-04-01 11:00:00.000000', '2024-04-01 11:30:00.000000');
INSERT INTO Schedule (window_id, competence_id, start_timestamp, end_timestamp) VALUES (151, 163, '2024-04-01 11:30:00.000000', '2024-04-01 12:00:00.000000');
INSERT INTO Schedule (window_id, competence_id, start_timestamp, end_timestamp) VALUES (152, 163, '2024-04-01 12:00:00.000000', '2024-04-01 12:30:00.000000');
INSERT INTO Schedule (window_id, competence_id, start_timestamp, end_timestamp) VALUES (153, 163, '2024-04-01 12:30:00.000000', '2024-04-01 13:00:00.000000');
INSERT INTO Schedule (window_id, competence_id, start_timestamp, end_timestamp) VALUES (154, 163, '2024-04-01 13:00:00.000000', '2024-04-01 13:30:00.000000');
INSERT INTO Schedule (window_id, competence_id, start_timestamp, end_timestamp) VALUES (155, 163, '2024-04-01 13:30:00.000000', '2024-04-01 14:00:00.000000');
INSERT INTO Schedule (window_id, competence_id, start_timestamp, end_timestamp) VALUES (156, 163, '2024-04-01 14:00:00.000000', '2024-04-01 14:30:00.000000');
INSERT INTO Schedule (window_id, competence_id, start_timestamp, end_timestamp) VALUES (157, 115, '2024-04-01 08:00:00.000000', '2024-04-01 08:30:00.000000');
INSERT INTO Schedule (window_id, competence_id, start_timestamp, end_timestamp) VALUES (158, 115, '2024-04-01 08:30:00.000000', '2024-04-01 09:00:00.000000');
INSERT INTO Schedule (window_id, competence_id, start_timestamp, end_timestamp) VALUES (159, 115, '2024-04-01 09:00:00.000000', '2024-04-01 09:30:00.000000');
INSERT INTO Schedule (window_id, competence_id, start_timestamp, end_timestamp) VALUES (160, 33, '2024-04-01 09:30:00.000000', '2024-04-01 10:00:00.000000');
INSERT INTO Schedule (window_id, competence_id, start_timestamp, end_timestamp) VALUES (161, 33, '2024-04-01 10:00:00.000000', '2024-04-01 10:30:00.000000');
INSERT INTO Schedule (window_id, competence_id, start_timestamp, end_timestamp) VALUES (162, 33, '2024-04-01 10:30:00.000000', '2024-04-01 11:00:00.000000');
INSERT INTO Schedule (window_id, competence_id, start_timestamp, end_timestamp) VALUES (163, 33, '2024-04-01 11:00:00.000000', '2024-04-01 11:30:00.000000');
INSERT INTO Schedule (window_id, competence_id, start_timestamp, end_timestamp) VALUES (164, 33, '2024-04-01 11:30:00.000000', '2024-04-01 12:00:00.000000');
INSERT INTO Schedule (window_id, competence_id, start_timestamp, end_timestamp) VALUES (165, 33, '2024-04-01 12:00:00.000000', '2024-04-01 12:30:00.000000');
INSERT INTO Schedule (window_id, competence_id, start_timestamp, end_timestamp) VALUES (166, 33, '2024-04-01 12:30:00.000000', '2024-04-01 13:00:00.000000');
INSERT INTO Schedule (window_id, competence_id, start_timestamp, end_timestamp) VALUES (167, 33, '2024-04-01 13:00:00.000000', '2024-04-01 13:30:00.000000');
INSERT INTO Schedule (window_id, competence_id, start_timestamp, end_timestamp) VALUES (168, 33, '2024-04-01 13:30:00.000000', '2024-04-01 14:00:00.000000');
INSERT INTO Schedule (window_id, competence_id, start_timestamp, end_timestamp) VALUES (169, 33, '2024-04-01 14:00:00.000000', '2024-04-01 14:30:00.000000');
INSERT INTO Schedule (window_id, competence_id, start_timestamp, end_timestamp) VALUES (170, 33, '2024-04-01 14:30:00.000000', '2024-04-01 15:00:00.000000');
INSERT INTO Schedule (window_id, competence_id, start_timestamp, end_timestamp) VALUES (171, 33, '2024-04-01 15:00:00.000000', '2024-04-01 15:30:00.000000');
INSERT INTO Schedule (window_id, competence_id, start_timestamp, end_timestamp) VALUES (172, 33, '2024-04-01 15:30:00.000000', '2024-04-01 16:00:00.000000');
INSERT INTO Schedule (window_id, competence_id, start_timestamp, end_timestamp) VALUES (173, 115, '2024-04-01 16:00:00.000000', '2024-04-01 16:30:00.000000');
INSERT INTO Schedule (window_id, competence_id, start_timestamp, end_timestamp) VALUES (174, 14, '2024-04-01 08:00:00.000000', '2024-04-01 08:30:00.000000');
INSERT INTO Schedule (window_id, competence_id, start_timestamp, end_timestamp) VALUES (175, 144, '2024-04-01 08:30:00.000000', '2024-04-01 09:00:00.000000');
INSERT INTO Schedule (window_id, competence_id, start_timestamp, end_timestamp) VALUES (176, 144, '2024-04-01 09:00:00.000000', '2024-04-01 09:30:00.000000');
INSERT INTO Schedule (window_id, competence_id, start_timestamp, end_timestamp) VALUES (177, 144, '2024-04-01 09:30:00.000000', '2024-04-01 10:00:00.000000');
INSERT INTO Schedule (window_id, competence_id, start_timestamp, end_timestamp) VALUES (178, 144, '2024-04-01 10:00:00.000000', '2024-04-01 10:30:00.000000');
INSERT INTO Schedule (window_id, competence_id, start_timestamp, end_timestamp) VALUES (179, 144, '2024-04-01 10:30:00.000000', '2024-04-01 11:00:00.000000');
INSERT INTO Schedule (window_id, competence_id, start_timestamp, end_timestamp) VALUES (180, 144, '2024-04-01 11:00:00.000000', '2024-04-01 11:30:00.000000');
INSERT INTO Schedule (window_id, competence_id, start_timestamp, end_timestamp) VALUES (181, 144, '2024-04-01 11:30:00.000000', '2024-04-01 12:00:00.000000');
INSERT INTO Schedule (window_id, competence_id, start_timestamp, end_timestamp) VALUES (182, 144, '2024-04-01 12:00:00.000000', '2024-04-01 12:30:00.000000');
INSERT INTO Schedule (window_id, competence_id, start_timestamp, end_timestamp) VALUES (183, 144, '2024-04-01 12:30:00.000000', '2024-04-01 13:00:00.000000');
INSERT INTO Schedule (window_id, competence_id, start_timestamp, end_timestamp) VALUES (184, 144, '2024-04-01 13:00:00.000000', '2024-04-01 13:30:00.000000');
INSERT INTO Schedule (window_id, competence_id, start_timestamp, end_timestamp) VALUES (185, 144, '2024-04-01 13:30:00.000000', '2024-04-01 14:00:00.000000');
INSERT INTO Schedule (window_id, competence_id, start_timestamp, end_timestamp) VALUES (186, 144, '2024-04-01 14:00:00.000000', '2024-04-01 14:30:00.000000');
INSERT INTO Schedule (window_id, competence_id, start_timestamp, end_timestamp) VALUES (187, 144, '2024-04-01 14:30:00.000000', '2024-04-01 15:00:00.000000');
INSERT INTO Schedule (window_id, competence_id, start_timestamp, end_timestamp) VALUES (188, 144, '2024-04-01 15:00:00.000000', '2024-04-01 15:30:00.000000');
INSERT INTO Schedule (window_id, competence_id, start_timestamp, end_timestamp) VALUES (189, 144, '2024-04-01 15:30:00.000000', '2024-04-01 16:00:00.000000');
INSERT INTO Schedule (window_id, competence_id, start_timestamp, end_timestamp) VALUES (190, 6, '2024-04-02 08:00:00.000000', '2024-04-02 08:30:00.000000');
INSERT INTO Schedule (window_id, competence_id, start_timestamp, end_timestamp) VALUES (191, 6, '2024-04-02 08:30:00.000000', '2024-04-02 09:00:00.000000');
INSERT INTO Schedule (window_id, competence_id, start_timestamp, end_timestamp) VALUES (192, 6, '2024-04-02 09:00:00.000000', '2024-04-02 09:30:00.000000');
INSERT INTO Schedule (window_id, competence_id, start_timestamp, end_timestamp) VALUES (193, 6, '2024-04-02 09:30:00.000000', '2024-04-02 10:00:00.000000');
INSERT INTO Schedule (window_id, competence_id, start_timestamp, end_timestamp) VALUES (194, 6, '2024-04-02 10:00:00.000000', '2024-04-02 10:30:00.000000');
INSERT INTO Schedule (window_id, competence_id, start_timestamp, end_timestamp) VALUES (195, 6, '2024-04-02 10:30:00.000000', '2024-04-02 11:00:00.000000');
INSERT INTO Schedule (window_id, competence_id, start_timestamp, end_timestamp) VALUES (196, 6, '2024-04-02 11:00:00.000000', '2024-04-02 11:30:00.000000');
INSERT INTO Schedule (window_id, competence_id, start_timestamp, end_timestamp) VALUES (197, 6, '2024-04-02 11:30:00.000000', '2024-04-02 12:00:00.000000');
INSERT INTO Schedule (window_id, competence_id, start_timestamp, end_timestamp) VALUES (198, 6, '2024-04-02 12:00:00.000000', '2024-04-02 12:30:00.000000');
INSERT INTO Schedule (window_id, competence_id, start_timestamp, end_timestamp) VALUES (199, 6, '2024-04-02 12:30:00.000000', '2024-04-02 13:00:00.000000');
INSERT INTO Schedule (window_id, competence_id, start_timestamp, end_timestamp) VALUES (200, 6, '2024-04-02 13:00:00.000000', '2024-04-02 13:30:00.000000');
INSERT INTO Schedule (window_id, competence_id, start_timestamp, end_timestamp) VALUES (201, 6, '2024-04-02 13:30:00.000000', '2024-04-02 14:00:00.000000');
INSERT INTO Schedule (window_id, competence_id, start_timestamp, end_timestamp) VALUES (202, 6, '2024-04-02 14:00:00.000000', '2024-04-02 14:30:00.000000');
INSERT INTO Schedule (window_id, competence_id, start_timestamp, end_timestamp) VALUES (203, 6, '2024-04-02 14:30:00.000000', '2024-04-02 15:00:00.000000');
INSERT INTO Schedule (window_id, competence_id, start_timestamp, end_timestamp) VALUES (204, 6, '2024-04-02 15:00:00.000000', '2024-04-02 15:30:00.000000');
INSERT INTO Schedule (window_id, competence_id, start_timestamp, end_timestamp) VALUES (205, 6, '2024-04-02 15:30:00.000000', '2024-04-02 16:00:00.000000');
INSERT INTO Schedule (window_id, competence_id, start_timestamp, end_timestamp) VALUES (206, 6, '2024-04-02 16:00:00.000000', '2024-04-02 16:30:00.000000');
INSERT INTO Schedule (window_id, competence_id, start_timestamp, end_timestamp) VALUES (207, 77, '2024-04-02 08:00:00.000000', '2024-04-02 08:30:00.000000');
INSERT INTO Schedule (window_id, competence_id, start_timestamp, end_timestamp) VALUES (208, 77, '2024-04-02 08:30:00.000000', '2024-04-02 09:00:00.000000');
INSERT INTO Schedule (window_id, competence_id, start_timestamp, end_timestamp) VALUES (209, 77, '2024-04-02 09:00:00.000000', '2024-04-02 09:30:00.000000');
INSERT INTO Schedule (window_id, competence_id, start_timestamp, end_timestamp) VALUES (210, 77, '2024-04-02 09:30:00.000000', '2024-04-02 10:00:00.000000');
INSERT INTO Schedule (window_id, competence_id, start_timestamp, end_timestamp) VALUES (211, 22, '2024-04-02 10:00:00.000000', '2024-04-02 10:30:00.000000');
INSERT INTO Schedule (window_id, competence_id, start_timestamp, end_timestamp) VALUES (212, 22, '2024-04-02 10:30:00.000000', '2024-04-02 11:00:00.000000');
INSERT INTO Schedule (window_id, competence_id, start_timestamp, end_timestamp) VALUES (213, 22, '2024-04-02 11:00:00.000000', '2024-04-02 11:30:00.000000');
INSERT INTO Schedule (window_id, competence_id, start_timestamp, end_timestamp) VALUES (214, 22, '2024-04-02 11:30:00.000000', '2024-04-02 12:00:00.000000');
INSERT INTO Schedule (window_id, competence_id, start_timestamp, end_timestamp) VALUES (215, 22, '2024-04-02 12:00:00.000000', '2024-04-02 12:30:00.000000');
INSERT INTO Schedule (window_id, competence_id, start_timestamp, end_timestamp) VALUES (216, 22, '2024-04-02 12:30:00.000000', '2024-04-02 13:00:00.000000');
INSERT INTO Schedule (window_id, competence_id, start_timestamp, end_timestamp) VALUES (217, 22, '2024-04-02 13:00:00.000000', '2024-04-02 13:30:00.000000');
INSERT INTO Schedule (window_id, competence_id, start_timestamp, end_timestamp) VALUES (218, 22, '2024-04-02 13:30:00.000000', '2024-04-02 14:00:00.000000');
INSERT INTO Schedule (window_id, competence_id, start_timestamp, end_timestamp) VALUES (219, 22, '2024-04-02 14:00:00.000000', '2024-04-02 14:30:00.000000');
INSERT INTO Schedule (window_id, competence_id, start_timestamp, end_timestamp) VALUES (220, 22, '2024-04-02 14:30:00.000000', '2024-04-02 15:00:00.000000');
INSERT INTO Schedule (window_id, competence_id, start_timestamp, end_timestamp) VALUES (221, 22, '2024-04-02 15:00:00.000000', '2024-04-02 15:30:00.000000');
INSERT INTO Schedule (window_id, competence_id, start_timestamp, end_timestamp) VALUES (222, 54, '2024-04-02 08:00:00.000000', '2024-04-02 08:30:00.000000');
INSERT INTO Schedule (window_id, competence_id, start_timestamp, end_timestamp) VALUES (223, 54, '2024-04-02 08:30:00.000000', '2024-04-02 09:00:00.000000');
INSERT INTO Schedule (window_id, competence_id, start_timestamp, end_timestamp) VALUES (224, 54, '2024-04-02 09:00:00.000000', '2024-04-02 09:30:00.000000');
INSERT INTO Schedule (window_id, competence_id, start_timestamp, end_timestamp) VALUES (225, 54, '2024-04-02 09:30:00.000000', '2024-04-02 10:00:00.000000');
INSERT INTO Schedule (window_id, competence_id, start_timestamp, end_timestamp) VALUES (226, 54, '2024-04-02 10:00:00.000000', '2024-04-02 10:30:00.000000');
INSERT INTO Schedule (window_id, competence_id, start_timestamp, end_timestamp) VALUES (227, 54, '2024-04-02 10:30:00.000000', '2024-04-02 11:00:00.000000');
INSERT INTO Schedule (window_id, competence_id, start_timestamp, end_timestamp) VALUES (228, 54, '2024-04-02 11:00:00.000000', '2024-04-02 11:30:00.000000');
INSERT INTO Schedule (window_id, competence_id, start_timestamp, end_timestamp) VALUES (229, 54, '2024-04-02 11:30:00.000000', '2024-04-02 12:00:00.000000');
INSERT INTO Schedule (window_id, competence_id, start_timestamp, end_timestamp) VALUES (230, 54, '2024-04-02 12:00:00.000000', '2024-04-02 12:30:00.000000');
INSERT INTO Schedule (window_id, competence_id, start_timestamp, end_timestamp) VALUES (231, 54, '2024-04-02 12:30:00.000000', '2024-04-02 13:00:00.000000');
INSERT INTO Schedule (window_id, competence_id, start_timestamp, end_timestamp) VALUES (232, 63, '2024-04-02 13:00:00.000000', '2024-04-02 13:30:00.000000');
INSERT INTO Schedule (window_id, competence_id, start_timestamp, end_timestamp) VALUES (233, 63, '2024-04-02 13:30:00.000000', '2024-04-02 14:00:00.000000');
INSERT INTO Schedule (window_id, competence_id, start_timestamp, end_timestamp) VALUES (234, 63, '2024-04-02 14:00:00.000000', '2024-04-02 14:30:00.000000');
INSERT INTO Schedule (window_id, competence_id, start_timestamp, end_timestamp) VALUES (235, 68, '2024-04-02 14:30:00.000000', '2024-04-02 15:00:00.000000');
INSERT INTO Schedule (window_id, competence_id, start_timestamp, end_timestamp) VALUES (236, 68, '2024-04-02 15:00:00.000000', '2024-04-02 15:30:00.000000');
INSERT INTO Schedule (window_id, competence_id, start_timestamp, end_timestamp) VALUES (237, 68, '2024-04-02 15:30:00.000000', '2024-04-02 16:00:00.000000');
INSERT INTO Schedule (window_id, competence_id, start_timestamp, end_timestamp) VALUES (238, 68, '2024-04-02 16:00:00.000000', '2024-04-02 16:30:00.000000');
INSERT INTO Schedule (window_id, competence_id, start_timestamp, end_timestamp) VALUES (239, 68, '2024-04-02 16:30:00.000000', '2024-04-02 17:00:00.000000');
INSERT INTO Schedule (window_id, competence_id, start_timestamp, end_timestamp) VALUES (240, 68, '2024-04-02 17:00:00.000000', '2024-04-02 17:30:00.000000');
INSERT INTO Schedule (window_id, competence_id, start_timestamp, end_timestamp) VALUES (241, 68, '2024-04-02 17:30:00.000000', '2024-04-02 18:00:00.000000');
INSERT INTO Schedule (window_id, competence_id, start_timestamp, end_timestamp) VALUES (242, 154, '2024-04-02 08:00:00.000000', '2024-04-02 08:30:00.000000');
INSERT INTO Schedule (window_id, competence_id, start_timestamp, end_timestamp) VALUES (243, 154, '2024-04-02 08:30:00.000000', '2024-04-02 09:00:00.000000');
INSERT INTO Schedule (window_id, competence_id, start_timestamp, end_timestamp) VALUES (244, 154, '2024-04-02 09:00:00.000000', '2024-04-02 09:30:00.000000');
INSERT INTO Schedule (window_id, competence_id, start_timestamp, end_timestamp) VALUES (245, 154, '2024-04-02 09:30:00.000000', '2024-04-02 10:00:00.000000');
INSERT INTO Schedule (window_id, competence_id, start_timestamp, end_timestamp) VALUES (246, 154, '2024-04-02 10:00:00.000000', '2024-04-02 10:30:00.000000');
INSERT INTO Schedule (window_id, competence_id, start_timestamp, end_timestamp) VALUES (247, 154, '2024-04-02 10:30:00.000000', '2024-04-02 11:00:00.000000');
INSERT INTO Schedule (window_id, competence_id, start_timestamp, end_timestamp) VALUES (248, 154, '2024-04-02 11:00:00.000000', '2024-04-02 11:30:00.000000');
INSERT INTO Schedule (window_id, competence_id, start_timestamp, end_timestamp) VALUES (249, 154, '2024-04-02 11:30:00.000000', '2024-04-02 12:00:00.000000');
INSERT INTO Schedule (window_id, competence_id, start_timestamp, end_timestamp) VALUES (250, 154, '2024-04-02 12:00:00.000000', '2024-04-02 12:30:00.000000');
INSERT INTO Schedule (window_id, competence_id, start_timestamp, end_timestamp) VALUES (251, 154, '2024-04-02 12:30:00.000000', '2024-04-02 13:00:00.000000');
INSERT INTO Schedule (window_id, competence_id, start_timestamp, end_timestamp) VALUES (252, 154, '2024-04-02 13:00:00.000000', '2024-04-02 13:30:00.000000');
INSERT INTO Schedule (window_id, competence_id, start_timestamp, end_timestamp) VALUES (253, 154, '2024-04-02 13:30:00.000000', '2024-04-02 14:00:00.000000');
INSERT INTO Schedule (window_id, competence_id, start_timestamp, end_timestamp) VALUES (254, 154, '2024-04-02 14:00:00.000000', '2024-04-02 14:30:00.000000');
INSERT INTO Schedule (window_id, competence_id, start_timestamp, end_timestamp) VALUES (255, 154, '2024-04-02 14:30:00.000000', '2024-04-02 15:00:00.000000');
INSERT INTO Schedule (window_id, competence_id, start_timestamp, end_timestamp) VALUES (256, 154, '2024-04-02 15:00:00.000000', '2024-04-02 15:30:00.000000');
INSERT INTO Schedule (window_id, competence_id, start_timestamp, end_timestamp) VALUES (257, 154, '2024-04-02 15:30:00.000000', '2024-04-02 16:00:00.000000');
INSERT INTO Schedule (window_id, competence_id, start_timestamp, end_timestamp) VALUES (258, 154, '2024-04-02 16:00:00.000000', '2024-04-02 16:30:00.000000');
INSERT INTO Schedule (window_id, competence_id, start_timestamp, end_timestamp) VALUES (259, 105, '2024-04-02 08:00:00.000000', '2024-04-02 08:30:00.000000');
INSERT INTO Schedule (window_id, competence_id, start_timestamp, end_timestamp) VALUES (260, 105, '2024-04-02 08:30:00.000000', '2024-04-02 09:00:00.000000');
INSERT INTO Schedule (window_id, competence_id, start_timestamp, end_timestamp) VALUES (261, 105, '2024-04-02 09:00:00.000000', '2024-04-02 09:30:00.000000');
INSERT INTO Schedule (window_id, competence_id, start_timestamp, end_timestamp) VALUES (262, 105, '2024-04-02 09:30:00.000000', '2024-04-02 10:00:00.000000');
INSERT INTO Schedule (window_id, competence_id, start_timestamp, end_timestamp) VALUES (263, 105, '2024-04-02 10:00:00.000000', '2024-04-02 10:30:00.000000');
INSERT INTO Schedule (window_id, competence_id, start_timestamp, end_timestamp) VALUES (264, 105, '2024-04-02 10:30:00.000000', '2024-04-02 11:00:00.000000');
INSERT INTO Schedule (window_id, competence_id, start_timestamp, end_timestamp) VALUES (265, 105, '2024-04-02 11:00:00.000000', '2024-04-02 11:30:00.000000');
INSERT INTO Schedule (window_id, competence_id, start_timestamp, end_timestamp) VALUES (266, 105, '2024-04-02 11:30:00.000000', '2024-04-02 12:00:00.000000');
INSERT INTO Schedule (window_id, competence_id, start_timestamp, end_timestamp) VALUES (267, 105, '2024-04-02 12:00:00.000000', '2024-04-02 12:30:00.000000');
INSERT INTO Schedule (window_id, competence_id, start_timestamp, end_timestamp) VALUES (268, 105, '2024-04-02 12:30:00.000000', '2024-04-02 13:00:00.000000');
INSERT INTO Schedule (window_id, competence_id, start_timestamp, end_timestamp) VALUES (269, 105, '2024-04-02 13:00:00.000000', '2024-04-02 13:30:00.000000');
INSERT INTO Schedule (window_id, competence_id, start_timestamp, end_timestamp) VALUES (270, 105, '2024-04-02 13:30:00.000000', '2024-04-02 14:00:00.000000');
INSERT INTO Schedule (window_id, competence_id, start_timestamp, end_timestamp) VALUES (271, 105, '2024-04-02 14:00:00.000000', '2024-04-02 14:30:00.000000');
INSERT INTO Schedule (window_id, competence_id, start_timestamp, end_timestamp) VALUES (272, 105, '2024-04-02 14:30:00.000000', '2024-04-02 15:00:00.000000');
INSERT INTO Schedule (window_id, competence_id, start_timestamp, end_timestamp) VALUES (273, 105, '2024-04-02 15:00:00.000000', '2024-04-02 15:30:00.000000');
INSERT INTO Schedule (window_id, competence_id, start_timestamp, end_timestamp) VALUES (274, 105, '2024-04-02 15:30:00.000000', '2024-04-02 16:00:00.000000');
INSERT INTO Schedule (window_id, competence_id, start_timestamp, end_timestamp) VALUES (275, 169, '2024-04-02 08:00:00.000000', '2024-04-02 08:30:00.000000');
INSERT INTO Schedule (window_id, competence_id, start_timestamp, end_timestamp) VALUES (276, 169, '2024-04-02 08:30:00.000000', '2024-04-02 09:00:00.000000');
INSERT INTO Schedule (window_id, competence_id, start_timestamp, end_timestamp) VALUES (277, 169, '2024-04-02 09:00:00.000000', '2024-04-02 09:30:00.000000');
INSERT INTO Schedule (window_id, competence_id, start_timestamp, end_timestamp) VALUES (278, 169, '2024-04-02 09:30:00.000000', '2024-04-02 10:00:00.000000');
INSERT INTO Schedule (window_id, competence_id, start_timestamp, end_timestamp) VALUES (279, 78, '2024-04-02 08:00:00.000000', '2024-04-02 08:30:00.000000');
INSERT INTO Schedule (window_id, competence_id, start_timestamp, end_timestamp) VALUES (280, 78, '2024-04-02 08:30:00.000000', '2024-04-02 09:00:00.000000');
INSERT INTO Schedule (window_id, competence_id, start_timestamp, end_timestamp) VALUES (281, 78, '2024-04-02 09:00:00.000000', '2024-04-02 09:30:00.000000');
INSERT INTO Schedule (window_id, competence_id, start_timestamp, end_timestamp) VALUES (282, 78, '2024-04-02 09:30:00.000000', '2024-04-02 10:00:00.000000');
INSERT INTO Schedule (window_id, competence_id, start_timestamp, end_timestamp) VALUES (283, 20, '2024-04-02 10:00:00.000000', '2024-04-02 10:30:00.000000');
INSERT INTO Schedule (window_id, competence_id, start_timestamp, end_timestamp) VALUES (284, 20, '2024-04-02 10:30:00.000000', '2024-04-02 11:00:00.000000');
INSERT INTO Schedule (window_id, competence_id, start_timestamp, end_timestamp) VALUES (285, 20, '2024-04-02 11:00:00.000000', '2024-04-02 11:30:00.000000');
INSERT INTO Schedule (window_id, competence_id, start_timestamp, end_timestamp) VALUES (286, 20, '2024-04-02 11:30:00.000000', '2024-04-02 12:00:00.000000');
INSERT INTO Schedule (window_id, competence_id, start_timestamp, end_timestamp) VALUES (287, 20, '2024-04-02 12:00:00.000000', '2024-04-02 12:30:00.000000');
INSERT INTO Schedule (window_id, competence_id, start_timestamp, end_timestamp) VALUES (288, 20, '2024-04-02 12:30:00.000000', '2024-04-02 13:00:00.000000');
INSERT INTO Schedule (window_id, competence_id, start_timestamp, end_timestamp) VALUES (289, 20, '2024-04-02 13:00:00.000000', '2024-04-02 13:30:00.000000');
INSERT INTO Schedule (window_id, competence_id, start_timestamp, end_timestamp) VALUES (290, 113, '2024-04-02 08:00:00.000000', '2024-04-02 08:30:00.000000');
INSERT INTO Schedule (window_id, competence_id, start_timestamp, end_timestamp) VALUES (291, 113, '2024-04-02 08:30:00.000000', '2024-04-02 09:00:00.000000');
INSERT INTO Schedule (window_id, competence_id, start_timestamp, end_timestamp) VALUES (292, 113, '2024-04-02 09:00:00.000000', '2024-04-02 09:30:00.000000');
INSERT INTO Schedule (window_id, competence_id, start_timestamp, end_timestamp) VALUES (293, 113, '2024-04-02 09:30:00.000000', '2024-04-02 10:00:00.000000');
INSERT INTO Schedule (window_id, competence_id, start_timestamp, end_timestamp) VALUES (294, 113, '2024-04-02 10:00:00.000000', '2024-04-02 10:30:00.000000');
INSERT INTO Schedule (window_id, competence_id, start_timestamp, end_timestamp) VALUES (295, 113, '2024-04-02 10:30:00.000000', '2024-04-02 11:00:00.000000');
INSERT INTO Schedule (window_id, competence_id, start_timestamp, end_timestamp) VALUES (296, 113, '2024-04-02 11:00:00.000000', '2024-04-02 11:30:00.000000');
INSERT INTO Schedule (window_id, competence_id, start_timestamp, end_timestamp) VALUES (297, 113, '2024-04-02 11:30:00.000000', '2024-04-02 12:00:00.000000');
INSERT INTO Schedule (window_id, competence_id, start_timestamp, end_timestamp) VALUES (298, 113, '2024-04-02 12:00:00.000000', '2024-04-02 12:30:00.000000');
INSERT INTO Schedule (window_id, competence_id, start_timestamp, end_timestamp) VALUES (299, 113, '2024-04-02 12:30:00.000000', '2024-04-02 13:00:00.000000');
INSERT INTO Schedule (window_id, competence_id, start_timestamp, end_timestamp) VALUES (300, 113, '2024-04-02 13:00:00.000000', '2024-04-02 13:30:00.000000');
INSERT INTO Schedule (window_id, competence_id, start_timestamp, end_timestamp) VALUES (301, 113, '2024-04-02 13:30:00.000000', '2024-04-02 14:00:00.000000');
INSERT INTO Schedule (window_id, competence_id, start_timestamp, end_timestamp) VALUES (302, 113, '2024-04-02 14:00:00.000000', '2024-04-02 14:30:00.000000');
INSERT INTO Schedule (window_id, competence_id, start_timestamp, end_timestamp) VALUES (303, 113, '2024-04-02 14:30:00.000000', '2024-04-02 15:00:00.000000');
INSERT INTO Schedule (window_id, competence_id, start_timestamp, end_timestamp) VALUES (304, 113, '2024-04-02 15:00:00.000000', '2024-04-02 15:30:00.000000');
INSERT INTO Schedule (window_id, competence_id, start_timestamp, end_timestamp) VALUES (305, 113, '2024-04-02 15:30:00.000000', '2024-04-02 16:00:00.000000');
INSERT INTO Schedule (window_id, competence_id, start_timestamp, end_timestamp) VALUES (306, 113, '2024-04-02 16:00:00.000000', '2024-04-02 16:30:00.000000');
INSERT INTO Schedule (window_id, competence_id, start_timestamp, end_timestamp) VALUES (307, 113, '2024-04-02 16:30:00.000000', '2024-04-02 17:00:00.000000');
INSERT INTO Schedule (window_id, competence_id, start_timestamp, end_timestamp) VALUES (308, 113, '2024-04-02 17:00:00.000000', '2024-04-02 17:30:00.000000');
INSERT INTO Schedule (window_id, competence_id, start_timestamp, end_timestamp) VALUES (309, 106, '2024-04-02 08:00:00.000000', '2024-04-02 08:30:00.000000');
INSERT INTO Schedule (window_id, competence_id, start_timestamp, end_timestamp) VALUES (310, 114, '2024-04-02 08:30:00.000000', '2024-04-02 09:00:00.000000');
INSERT INTO Schedule (window_id, competence_id, start_timestamp, end_timestamp) VALUES (311, 114, '2024-04-02 09:00:00.000000', '2024-04-02 09:30:00.000000');
INSERT INTO Schedule (window_id, competence_id, start_timestamp, end_timestamp) VALUES (312, 114, '2024-04-02 09:30:00.000000', '2024-04-02 10:00:00.000000');
INSERT INTO Schedule (window_id, competence_id, start_timestamp, end_timestamp) VALUES (313, 114, '2024-04-02 10:00:00.000000', '2024-04-02 10:30:00.000000');
INSERT INTO Schedule (window_id, competence_id, start_timestamp, end_timestamp) VALUES (314, 114, '2024-04-02 10:30:00.000000', '2024-04-02 11:00:00.000000');
INSERT INTO Schedule (window_id, competence_id, start_timestamp, end_timestamp) VALUES (315, 114, '2024-04-02 11:00:00.000000', '2024-04-02 11:30:00.000000');
INSERT INTO Schedule (window_id, competence_id, start_timestamp, end_timestamp) VALUES (316, 114, '2024-04-02 11:30:00.000000', '2024-04-02 12:00:00.000000');
INSERT INTO Schedule (window_id, competence_id, start_timestamp, end_timestamp) VALUES (317, 114, '2024-04-02 12:00:00.000000', '2024-04-02 12:30:00.000000');
INSERT INTO Schedule (window_id, competence_id, start_timestamp, end_timestamp) VALUES (318, 114, '2024-04-02 12:30:00.000000', '2024-04-02 13:00:00.000000');
INSERT INTO Schedule (window_id, competence_id, start_timestamp, end_timestamp) VALUES (319, 114, '2024-04-02 13:00:00.000000', '2024-04-02 13:30:00.000000');
INSERT INTO Schedule (window_id, competence_id, start_timestamp, end_timestamp) VALUES (320, 114, '2024-04-02 13:30:00.000000', '2024-04-02 14:00:00.000000');
INSERT INTO Schedule (window_id, competence_id, start_timestamp, end_timestamp) VALUES (321, 29, '2024-04-02 08:00:00.000000', '2024-04-02 08:30:00.000000');
INSERT INTO Schedule (window_id, competence_id, start_timestamp, end_timestamp) VALUES (322, 29, '2024-04-02 08:30:00.000000', '2024-04-02 09:00:00.000000');
INSERT INTO Schedule (window_id, competence_id, start_timestamp, end_timestamp) VALUES (323, 29, '2024-04-02 09:00:00.000000', '2024-04-02 09:30:00.000000');
INSERT INTO Schedule (window_id, competence_id, start_timestamp, end_timestamp) VALUES (324, 29, '2024-04-02 09:30:00.000000', '2024-04-02 10:00:00.000000');
INSERT INTO Schedule (window_id, competence_id, start_timestamp, end_timestamp) VALUES (325, 29, '2024-04-02 10:00:00.000000', '2024-04-02 10:30:00.000000');
INSERT INTO Schedule (window_id, competence_id, start_timestamp, end_timestamp) VALUES (326, 29, '2024-04-02 10:30:00.000000', '2024-04-02 11:00:00.000000');
INSERT INTO Schedule (window_id, competence_id, start_timestamp, end_timestamp) VALUES (327, 29, '2024-04-02 11:00:00.000000', '2024-04-02 11:30:00.000000');
INSERT INTO Schedule (window_id, competence_id, start_timestamp, end_timestamp) VALUES (328, 29, '2024-04-02 11:30:00.000000', '2024-04-02 12:00:00.000000');
INSERT INTO Schedule (window_id, competence_id, start_timestamp, end_timestamp) VALUES (329, 29, '2024-04-02 12:00:00.000000', '2024-04-02 12:30:00.000000');
INSERT INTO Schedule (window_id, competence_id, start_timestamp, end_timestamp) VALUES (330, 29, '2024-04-02 12:30:00.000000', '2024-04-02 13:00:00.000000');
INSERT INTO Schedule (window_id, competence_id, start_timestamp, end_timestamp) VALUES (331, 29, '2024-04-02 13:00:00.000000', '2024-04-02 13:30:00.000000');
INSERT INTO Schedule (window_id, competence_id, start_timestamp, end_timestamp) VALUES (332, 29, '2024-04-02 13:30:00.000000', '2024-04-02 14:00:00.000000');
INSERT INTO Schedule (window_id, competence_id, start_timestamp, end_timestamp) VALUES (333, 29, '2024-04-02 14:00:00.000000', '2024-04-02 14:30:00.000000');
INSERT INTO Schedule (window_id, competence_id, start_timestamp, end_timestamp) VALUES (334, 29, '2024-04-02 14:30:00.000000', '2024-04-02 15:00:00.000000');
INSERT INTO Schedule (window_id, competence_id, start_timestamp, end_timestamp) VALUES (335, 29, '2024-04-02 15:00:00.000000', '2024-04-02 15:30:00.000000');
INSERT INTO Schedule (window_id, competence_id, start_timestamp, end_timestamp) VALUES (336, 29, '2024-04-02 15:30:00.000000', '2024-04-02 16:00:00.000000');
INSERT INTO Schedule (window_id, competence_id, start_timestamp, end_timestamp) VALUES (337, 29, '2024-04-02 16:00:00.000000', '2024-04-02 16:30:00.000000');
INSERT INTO Schedule (window_id, competence_id, start_timestamp, end_timestamp) VALUES (338, 35, '2024-04-02 08:00:00.000000', '2024-04-02 08:30:00.000000');
INSERT INTO Schedule (window_id, competence_id, start_timestamp, end_timestamp) VALUES (339, 35, '2024-04-02 08:30:00.000000', '2024-04-02 09:00:00.000000');
INSERT INTO Schedule (window_id, competence_id, start_timestamp, end_timestamp) VALUES (340, 35, '2024-04-02 09:00:00.000000', '2024-04-02 09:30:00.000000');
INSERT INTO Schedule (window_id, competence_id, start_timestamp, end_timestamp) VALUES (341, 35, '2024-04-02 09:30:00.000000', '2024-04-02 10:00:00.000000');
INSERT INTO Schedule (window_id, competence_id, start_timestamp, end_timestamp) VALUES (342, 35, '2024-04-02 10:00:00.000000', '2024-04-02 10:30:00.000000');
INSERT INTO Schedule (window_id, competence_id, start_timestamp, end_timestamp) VALUES (343, 35, '2024-04-02 10:30:00.000000', '2024-04-02 11:00:00.000000');
INSERT INTO Schedule (window_id, competence_id, start_timestamp, end_timestamp) VALUES (344, 35, '2024-04-02 11:00:00.000000', '2024-04-02 11:30:00.000000');
INSERT INTO Schedule (window_id, competence_id, start_timestamp, end_timestamp) VALUES (345, 35, '2024-04-02 11:30:00.000000', '2024-04-02 12:00:00.000000');
INSERT INTO Schedule (window_id, competence_id, start_timestamp, end_timestamp) VALUES (346, 35, '2024-04-02 12:00:00.000000', '2024-04-02 12:30:00.000000');
INSERT INTO Schedule (window_id, competence_id, start_timestamp, end_timestamp) VALUES (347, 35, '2024-04-02 12:30:00.000000', '2024-04-02 13:00:00.000000');
INSERT INTO Schedule (window_id, competence_id, start_timestamp, end_timestamp) VALUES (348, 35, '2024-04-02 13:00:00.000000', '2024-04-02 13:30:00.000000');
INSERT INTO Schedule (window_id, competence_id, start_timestamp, end_timestamp) VALUES (349, 35, '2024-04-02 13:30:00.000000', '2024-04-02 14:00:00.000000');
INSERT INTO Schedule (window_id, competence_id, start_timestamp, end_timestamp) VALUES (350, 35, '2024-04-02 14:00:00.000000', '2024-04-02 14:30:00.000000');
INSERT INTO Schedule (window_id, competence_id, start_timestamp, end_timestamp) VALUES (351, 35, '2024-04-02 14:30:00.000000', '2024-04-02 15:00:00.000000');
INSERT INTO Schedule (window_id, competence_id, start_timestamp, end_timestamp) VALUES (352, 35, '2024-04-02 15:00:00.000000', '2024-04-02 15:30:00.000000');
INSERT INTO Schedule (window_id, competence_id, start_timestamp, end_timestamp) VALUES (353, 35, '2024-04-02 15:30:00.000000', '2024-04-02 16:00:00.000000');
INSERT INTO Schedule (window_id, competence_id, start_timestamp, end_timestamp) VALUES (354, 135, '2024-04-02 08:00:00.000000', '2024-04-02 08:30:00.000000');
INSERT INTO Schedule (window_id, competence_id, start_timestamp, end_timestamp) VALUES (355, 135, '2024-04-02 08:30:00.000000', '2024-04-02 09:00:00.000000');
INSERT INTO Schedule (window_id, competence_id, start_timestamp, end_timestamp) VALUES (356, 135, '2024-04-02 09:00:00.000000', '2024-04-02 09:30:00.000000');
INSERT INTO Schedule (window_id, competence_id, start_timestamp, end_timestamp) VALUES (357, 135, '2024-04-02 09:30:00.000000', '2024-04-02 10:00:00.000000');
INSERT INTO Schedule (window_id, competence_id, start_timestamp, end_timestamp) VALUES (358, 135, '2024-04-02 10:00:00.000000', '2024-04-02 10:30:00.000000');
INSERT INTO Schedule (window_id, competence_id, start_timestamp, end_timestamp) VALUES (359, 167, '2024-04-02 10:30:00.000000', '2024-04-02 11:00:00.000000');
INSERT INTO Schedule (window_id, competence_id, start_timestamp, end_timestamp) VALUES (360, 167, '2024-04-02 11:00:00.000000', '2024-04-02 11:30:00.000000');


INSERT INTO Appointments (id, window_id, client_id) VALUES (1, 1, 10);
INSERT INTO Appointments (id, window_id, client_id) VALUES (2, 2, 20);
INSERT INTO Appointments (id, window_id, client_id) VALUES (3, 3, 19);
INSERT INTO Appointments (id, window_id, client_id) VALUES (4, 4, 20);
INSERT INTO Appointments (id, window_id, client_id) VALUES (5, 5, 21);
INSERT INTO Appointments (id, window_id, client_id) VALUES (6, 6, 25);
INSERT INTO Appointments (id, window_id, client_id) VALUES (7, 7, 9);
INSERT INTO Appointments (id, window_id, client_id) VALUES (8, 8, 24);
INSERT INTO Appointments (id, window_id, client_id) VALUES (9, 9, 13);
INSERT INTO Appointments (id, window_id, client_id) VALUES (10, 10, 2);
INSERT INTO Appointments (id, window_id, client_id) VALUES (11, 11, 2);
INSERT INTO Appointments (id, window_id, client_id) VALUES (12, 12, 30);
INSERT INTO Appointments (id, window_id, client_id) VALUES (13, 13, 9);
INSERT INTO Appointments (id, window_id, client_id) VALUES (14, 14, 16);
INSERT INTO Appointments (id, window_id, client_id) VALUES (15, 15, 27);
INSERT INTO Appointments (id, window_id, client_id) VALUES (16, 16, 7);
INSERT INTO Appointments (id, window_id, client_id) VALUES (17, 17, 6);
INSERT INTO Appointments (id, window_id, client_id) VALUES (18, 18, 17);
INSERT INTO Appointments (id, window_id, client_id) VALUES (19, 19, 18);
INSERT INTO Appointments (id, window_id, client_id) VALUES (20, 20, 11);
INSERT INTO Appointments (id, window_id, client_id) VALUES (21, 21, 15);
INSERT INTO Appointments (id, window_id, client_id) VALUES (22, 22, 3);
INSERT INTO Appointments (id, window_id, client_id) VALUES (23, 23, 7);
INSERT INTO Appointments (id, window_id, client_id) VALUES (24, 24, 6);
INSERT INTO Appointments (id, window_id, client_id) VALUES (25, 25, 10);
INSERT INTO Appointments (id, window_id, client_id) VALUES (26, 26, 1);
INSERT INTO Appointments (id, window_id, client_id) VALUES (27, 27, 30);
INSERT INTO Appointments (id, window_id, client_id) VALUES (28, 28, 21);
INSERT INTO Appointments (id, window_id, client_id) VALUES (29, 29, 7);
INSERT INTO Appointments (id, window_id, client_id) VALUES (30, 31, 15);
INSERT INTO Appointments (id, window_id, client_id) VALUES (31, 32, 29);
INSERT INTO Appointments (id, window_id, client_id) VALUES (32, 33, 26);
INSERT INTO Appointments (id, window_id, client_id) VALUES (33, 34, 3);
INSERT INTO Appointments (id, window_id, client_id) VALUES (34, 35, 21);
INSERT INTO Appointments (id, window_id, client_id) VALUES (35, 36, 23);
INSERT INTO Appointments (id, window_id, client_id) VALUES (36, 37, 28);
INSERT INTO Appointments (id, window_id, client_id) VALUES (37, 38, 13);
INSERT INTO Appointments (id, window_id, client_id) VALUES (38, 39, 9);
INSERT INTO Appointments (id, window_id, client_id) VALUES (39, 40, 16);
INSERT INTO Appointments (id, window_id, client_id) VALUES (40, 41, 7);
INSERT INTO Appointments (id, window_id, client_id) VALUES (41, 42, 8);
INSERT INTO Appointments (id, window_id, client_id) VALUES (42, 43, 6);
INSERT INTO Appointments (id, window_id, client_id) VALUES (43, 44, 6);
INSERT INTO Appointments (id, window_id, client_id) VALUES (44, 45, 17);
INSERT INTO Appointments (id, window_id, client_id) VALUES (45, 46, 19);
INSERT INTO Appointments (id, window_id, client_id) VALUES (46, 47, 26);
INSERT INTO Appointments (id, window_id, client_id) VALUES (47, 48, 6);
INSERT INTO Appointments (id, window_id, client_id) VALUES (48, 49, 4);
INSERT INTO Appointments (id, window_id, client_id) VALUES (49, 50, 4);
INSERT INTO Appointments (id, window_id, client_id) VALUES (50, 51, 8);
INSERT INTO Appointments (id, window_id, client_id) VALUES (51, 52, 9);
INSERT INTO Appointments (id, window_id, client_id) VALUES (52, 53, 4);
INSERT INTO Appointments (id, window_id, client_id) VALUES (53, 54, 2);
INSERT INTO Appointments (id, window_id, client_id) VALUES (54, 55, 25);
INSERT INTO Appointments (id, window_id, client_id) VALUES (55, 56, 18);
INSERT INTO Appointments (id, window_id, client_id) VALUES (56, 57, 9);
INSERT INTO Appointments (id, window_id, client_id) VALUES (57, 58, 2);
INSERT INTO Appointments (id, window_id, client_id) VALUES (58, 59, 18);
INSERT INTO Appointments (id, window_id, client_id) VALUES (59, 60, 13);
INSERT INTO Appointments (id, window_id, client_id) VALUES (60, 61, 30);
INSERT INTO Appointments (id, window_id, client_id) VALUES (61, 62, 4);
INSERT INTO Appointments (id, window_id, client_id) VALUES (62, 63, 11);
INSERT INTO Appointments (id, window_id, client_id) VALUES (63, 64, 11);
INSERT INTO Appointments (id, window_id, client_id) VALUES (64, 65, 19);
INSERT INTO Appointments (id, window_id, client_id) VALUES (65, 66, 14);
INSERT INTO Appointments (id, window_id, client_id) VALUES (66, 67, 26);
INSERT INTO Appointments (id, window_id, client_id) VALUES (67, 68, 5);
INSERT INTO Appointments (id, window_id, client_id) VALUES (68, 69, 14);
INSERT INTO Appointments (id, window_id, client_id) VALUES (69, 70, 5);
INSERT INTO Appointments (id, window_id, client_id) VALUES (70, 71, 18);
INSERT INTO Appointments (id, window_id, client_id) VALUES (71, 72, 18);
INSERT INTO Appointments (id, window_id, client_id) VALUES (72, 73, 6);
INSERT INTO Appointments (id, window_id, client_id) VALUES (73, 74, 23);
INSERT INTO Appointments (id, window_id, client_id) VALUES (74, 75, 2);
INSERT INTO Appointments (id, window_id, client_id) VALUES (75, 76, 27);
INSERT INTO Appointments (id, window_id, client_id) VALUES (76, 77, 9);
INSERT INTO Appointments (id, window_id, client_id) VALUES (77, 78, 25);
INSERT INTO Appointments (id, window_id, client_id) VALUES (78, 79, 5);
INSERT INTO Appointments (id, window_id, client_id) VALUES (79, 80, 28);
INSERT INTO Appointments (id, window_id, client_id) VALUES (80, 81, 7);
INSERT INTO Appointments (id, window_id, client_id) VALUES (81, 83, 3);
INSERT INTO Appointments (id, window_id, client_id) VALUES (82, 84, 9);
INSERT INTO Appointments (id, window_id, client_id) VALUES (83, 85, 16);
INSERT INTO Appointments (id, window_id, client_id) VALUES (84, 86, 11);
INSERT INTO Appointments (id, window_id, client_id) VALUES (85, 87, 16);
INSERT INTO Appointments (id, window_id, client_id) VALUES (86, 88, 8);
INSERT INTO Appointments (id, window_id, client_id) VALUES (87, 89, 4);
INSERT INTO Appointments (id, window_id, client_id) VALUES (88, 90, 24);
INSERT INTO Appointments (id, window_id, client_id) VALUES (89, 91, 21);
INSERT INTO Appointments (id, window_id, client_id) VALUES (90, 92, 5);
INSERT INTO Appointments (id, window_id, client_id) VALUES (91, 93, 24);
INSERT INTO Appointments (id, window_id, client_id) VALUES (92, 94, 7);
INSERT INTO Appointments (id, window_id, client_id) VALUES (93, 95, 26);
INSERT INTO Appointments (id, window_id, client_id) VALUES (94, 96, 14);
INSERT INTO Appointments (id, window_id, client_id) VALUES (95, 97, 10);
INSERT INTO Appointments (id, window_id, client_id) VALUES (96, 99, 27);
INSERT INTO Appointments (id, window_id, client_id) VALUES (97, 102, 16);
INSERT INTO Appointments (id, window_id, client_id) VALUES (98, 103, 7);
INSERT INTO Appointments (id, window_id, client_id) VALUES (99, 104, 29);
INSERT INTO Appointments (id, window_id, client_id) VALUES (100, 105, 8);
INSERT INTO Appointments (id, window_id, client_id) VALUES (101, 106, 29);
INSERT INTO Appointments (id, window_id, client_id) VALUES (102, 107, 21);
INSERT INTO Appointments (id, window_id, client_id) VALUES (103, 108, 22);
INSERT INTO Appointments (id, window_id, client_id) VALUES (104, 109, 22);
INSERT INTO Appointments (id, window_id, client_id) VALUES (105, 110, 29);
INSERT INTO Appointments (id, window_id, client_id) VALUES (106, 111, 5);
INSERT INTO Appointments (id, window_id, client_id) VALUES (107, 112, 6);
INSERT INTO Appointments (id, window_id, client_id) VALUES (108, 113, 23);
INSERT INTO Appointments (id, window_id, client_id) VALUES (109, 114, 3);
INSERT INTO Appointments (id, window_id, client_id) VALUES (110, 115, 24);
INSERT INTO Appointments (id, window_id, client_id) VALUES (111, 116, 28);
INSERT INTO Appointments (id, window_id, client_id) VALUES (112, 117, 10);
INSERT INTO Appointments (id, window_id, client_id) VALUES (113, 118, 19);
INSERT INTO Appointments (id, window_id, client_id) VALUES (114, 119, 14);
INSERT INTO Appointments (id, window_id, client_id) VALUES (115, 120, 10);
INSERT INTO Appointments (id, window_id, client_id) VALUES (116, 121, 1);
INSERT INTO Appointments (id, window_id, client_id) VALUES (117, 122, 13);
INSERT INTO Appointments (id, window_id, client_id) VALUES (118, 123, 5);
INSERT INTO Appointments (id, window_id, client_id) VALUES (119, 124, 12);
INSERT INTO Appointments (id, window_id, client_id) VALUES (120, 125, 13);
INSERT INTO Appointments (id, window_id, client_id) VALUES (121, 126, 26);
INSERT INTO Appointments (id, window_id, client_id) VALUES (122, 127, 5);
INSERT INTO Appointments (id, window_id, client_id) VALUES (123, 128, 12);
INSERT INTO Appointments (id, window_id, client_id) VALUES (124, 129, 24);
INSERT INTO Appointments (id, window_id, client_id) VALUES (125, 130, 1);
INSERT INTO Appointments (id, window_id, client_id) VALUES (126, 131, 12);
INSERT INTO Appointments (id, window_id, client_id) VALUES (127, 132, 12);
INSERT INTO Appointments (id, window_id, client_id) VALUES (128, 133, 13);
INSERT INTO Appointments (id, window_id, client_id) VALUES (129, 134, 2);
INSERT INTO Appointments (id, window_id, client_id) VALUES (130, 135, 18);
INSERT INTO Appointments (id, window_id, client_id) VALUES (131, 136, 15);
INSERT INTO Appointments (id, window_id, client_id) VALUES (132, 137, 27);
INSERT INTO Appointments (id, window_id, client_id) VALUES (133, 138, 19);
INSERT INTO Appointments (id, window_id, client_id) VALUES (134, 139, 19);
INSERT INTO Appointments (id, window_id, client_id) VALUES (135, 140, 14);
INSERT INTO Appointments (id, window_id, client_id) VALUES (136, 142, 13);
INSERT INTO Appointments (id, window_id, client_id) VALUES (137, 143, 16);
INSERT INTO Appointments (id, window_id, client_id) VALUES (138, 144, 22);
INSERT INTO Appointments (id, window_id, client_id) VALUES (139, 145, 9);
INSERT INTO Appointments (id, window_id, client_id) VALUES (140, 146, 30);
INSERT INTO Appointments (id, window_id, client_id) VALUES (141, 147, 21);
INSERT INTO Appointments (id, window_id, client_id) VALUES (142, 148, 26);
INSERT INTO Appointments (id, window_id, client_id) VALUES (143, 149, 5);
INSERT INTO Appointments (id, window_id, client_id) VALUES (144, 150, 10);
INSERT INTO Appointments (id, window_id, client_id) VALUES (145, 151, 30);
INSERT INTO Appointments (id, window_id, client_id) VALUES (146, 152, 12);
INSERT INTO Appointments (id, window_id, client_id) VALUES (147, 154, 25);
INSERT INTO Appointments (id, window_id, client_id) VALUES (148, 155, 1);
INSERT INTO Appointments (id, window_id, client_id) VALUES (149, 156, 27);
INSERT INTO Appointments (id, window_id, client_id) VALUES (150, 157, 28);
INSERT INTO Appointments (id, window_id, client_id) VALUES (151, 158, 5);
INSERT INTO Appointments (id, window_id, client_id) VALUES (152, 159, 16);
INSERT INTO Appointments (id, window_id, client_id) VALUES (153, 160, 3);
INSERT INTO Appointments (id, window_id, client_id) VALUES (154, 161, 7);
INSERT INTO Appointments (id, window_id, client_id) VALUES (155, 162, 12);
INSERT INTO Appointments (id, window_id, client_id) VALUES (156, 163, 4);
INSERT INTO Appointments (id, window_id, client_id) VALUES (157, 164, 23);
INSERT INTO Appointments (id, window_id, client_id) VALUES (158, 165, 21);
INSERT INTO Appointments (id, window_id, client_id) VALUES (159, 166, 28);
INSERT INTO Appointments (id, window_id, client_id) VALUES (160, 167, 7);
INSERT INTO Appointments (id, window_id, client_id) VALUES (161, 168, 6);
INSERT INTO Appointments (id, window_id, client_id) VALUES (162, 169, 15);
INSERT INTO Appointments (id, window_id, client_id) VALUES (163, 170, 28);
INSERT INTO Appointments (id, window_id, client_id) VALUES (164, 171, 8);
INSERT INTO Appointments (id, window_id, client_id) VALUES (165, 173, 25);
INSERT INTO Appointments (id, window_id, client_id) VALUES (166, 174, 19);
INSERT INTO Appointments (id, window_id, client_id) VALUES (167, 175, 1);
INSERT INTO Appointments (id, window_id, client_id) VALUES (168, 176, 22);
INSERT INTO Appointments (id, window_id, client_id) VALUES (169, 177, 10);
INSERT INTO Appointments (id, window_id, client_id) VALUES (170, 178, 19);
INSERT INTO Appointments (id, window_id, client_id) VALUES (171, 179, 6);
INSERT INTO Appointments (id, window_id, client_id) VALUES (172, 180, 27);
INSERT INTO Appointments (id, window_id, client_id) VALUES (173, 181, 21);
INSERT INTO Appointments (id, window_id, client_id) VALUES (174, 182, 23);
INSERT INTO Appointments (id, window_id, client_id) VALUES (175, 183, 10);
INSERT INTO Appointments (id, window_id, client_id) VALUES (176, 184, 14);
INSERT INTO Appointments (id, window_id, client_id) VALUES (177, 185, 8);
INSERT INTO Appointments (id, window_id, client_id) VALUES (178, 186, 11);
INSERT INTO Appointments (id, window_id, client_id) VALUES (179, 188, 25);
INSERT INTO Appointments (id, window_id, client_id) VALUES (180, 189, 11);
INSERT INTO Appointments (id, window_id, client_id) VALUES (181, 190, 21);
INSERT INTO Appointments (id, window_id, client_id) VALUES (182, 191, 15);
INSERT INTO Appointments (id, window_id, client_id) VALUES (183, 192, 17);
INSERT INTO Appointments (id, window_id, client_id) VALUES (184, 193, 3);
INSERT INTO Appointments (id, window_id, client_id) VALUES (185, 194, 4);
INSERT INTO Appointments (id, window_id, client_id) VALUES (186, 195, 6);
INSERT INTO Appointments (id, window_id, client_id) VALUES (187, 196, 16);
INSERT INTO Appointments (id, window_id, client_id) VALUES (188, 197, 7);
INSERT INTO Appointments (id, window_id, client_id) VALUES (189, 198, 17);
INSERT INTO Appointments (id, window_id, client_id) VALUES (190, 199, 19);
INSERT INTO Appointments (id, window_id, client_id) VALUES (191, 200, 18);
INSERT INTO Appointments (id, window_id, client_id) VALUES (192, 201, 23);
INSERT INTO Appointments (id, window_id, client_id) VALUES (193, 202, 16);
INSERT INTO Appointments (id, window_id, client_id) VALUES (194, 203, 2);
INSERT INTO Appointments (id, window_id, client_id) VALUES (195, 204, 23);
INSERT INTO Appointments (id, window_id, client_id) VALUES (196, 205, 11);
INSERT INTO Appointments (id, window_id, client_id) VALUES (197, 206, 11);
INSERT INTO Appointments (id, window_id, client_id) VALUES (198, 208, 12);
INSERT INTO Appointments (id, window_id, client_id) VALUES (199, 209, 3);
INSERT INTO Appointments (id, window_id, client_id) VALUES (200, 210, 22);
INSERT INTO Appointments (id, window_id, client_id) VALUES (201, 211, 22);
INSERT INTO Appointments (id, window_id, client_id) VALUES (202, 212, 4);
INSERT INTO Appointments (id, window_id, client_id) VALUES (203, 213, 24);
INSERT INTO Appointments (id, window_id, client_id) VALUES (204, 214, 2);
INSERT INTO Appointments (id, window_id, client_id) VALUES (205, 215, 11);
INSERT INTO Appointments (id, window_id, client_id) VALUES (206, 216, 22);
INSERT INTO Appointments (id, window_id, client_id) VALUES (207, 217, 17);
INSERT INTO Appointments (id, window_id, client_id) VALUES (208, 218, 6);
INSERT INTO Appointments (id, window_id, client_id) VALUES (209, 219, 30);
INSERT INTO Appointments (id, window_id, client_id) VALUES (210, 220, 26);
INSERT INTO Appointments (id, window_id, client_id) VALUES (211, 221, 29);
INSERT INTO Appointments (id, window_id, client_id) VALUES (212, 222, 24);
INSERT INTO Appointments (id, window_id, client_id) VALUES (213, 223, 19);
INSERT INTO Appointments (id, window_id, client_id) VALUES (214, 224, 30);
INSERT INTO Appointments (id, window_id, client_id) VALUES (215, 225, 16);
INSERT INTO Appointments (id, window_id, client_id) VALUES (216, 226, 1);
INSERT INTO Appointments (id, window_id, client_id) VALUES (217, 227, 25);
INSERT INTO Appointments (id, window_id, client_id) VALUES (218, 228, 9);
INSERT INTO Appointments (id, window_id, client_id) VALUES (219, 229, 4);
INSERT INTO Appointments (id, window_id, client_id) VALUES (220, 230, 8);
INSERT INTO Appointments (id, window_id, client_id) VALUES (221, 231, 29);
INSERT INTO Appointments (id, window_id, client_id) VALUES (222, 232, 26);
INSERT INTO Appointments (id, window_id, client_id) VALUES (223, 233, 20);
INSERT INTO Appointments (id, window_id, client_id) VALUES (224, 234, 18);
INSERT INTO Appointments (id, window_id, client_id) VALUES (225, 235, 29);
INSERT INTO Appointments (id, window_id, client_id) VALUES (226, 236, 15);
INSERT INTO Appointments (id, window_id, client_id) VALUES (227, 237, 6);
INSERT INTO Appointments (id, window_id, client_id) VALUES (228, 238, 20);
INSERT INTO Appointments (id, window_id, client_id) VALUES (229, 239, 11);
INSERT INTO Appointments (id, window_id, client_id) VALUES (230, 240, 17);
INSERT INTO Appointments (id, window_id, client_id) VALUES (231, 241, 27);
INSERT INTO Appointments (id, window_id, client_id) VALUES (232, 242, 17);
INSERT INTO Appointments (id, window_id, client_id) VALUES (233, 243, 28);
INSERT INTO Appointments (id, window_id, client_id) VALUES (234, 244, 2);
INSERT INTO Appointments (id, window_id, client_id) VALUES (235, 245, 13);
INSERT INTO Appointments (id, window_id, client_id) VALUES (236, 246, 30);
INSERT INTO Appointments (id, window_id, client_id) VALUES (237, 247, 10);
INSERT INTO Appointments (id, window_id, client_id) VALUES (238, 248, 13);
INSERT INTO Appointments (id, window_id, client_id) VALUES (239, 249, 3);
INSERT INTO Appointments (id, window_id, client_id) VALUES (240, 250, 7);
INSERT INTO Appointments (id, window_id, client_id) VALUES (241, 251, 10);
INSERT INTO Appointments (id, window_id, client_id) VALUES (242, 252, 28);
INSERT INTO Appointments (id, window_id, client_id) VALUES (243, 253, 10);
INSERT INTO Appointments (id, window_id, client_id) VALUES (244, 254, 3);
INSERT INTO Appointments (id, window_id, client_id) VALUES (245, 255, 4);
INSERT INTO Appointments (id, window_id, client_id) VALUES (246, 256, 28);
INSERT INTO Appointments (id, window_id, client_id) VALUES (247, 257, 16);
INSERT INTO Appointments (id, window_id, client_id) VALUES (248, 259, 6);
INSERT INTO Appointments (id, window_id, client_id) VALUES (249, 260, 5);
INSERT INTO Appointments (id, window_id, client_id) VALUES (250, 261, 29);
INSERT INTO Appointments (id, window_id, client_id) VALUES (251, 262, 23);
INSERT INTO Appointments (id, window_id, client_id) VALUES (252, 263, 24);
INSERT INTO Appointments (id, window_id, client_id) VALUES (253, 264, 15);
INSERT INTO Appointments (id, window_id, client_id) VALUES (254, 265, 5);
INSERT INTO Appointments (id, window_id, client_id) VALUES (255, 266, 21);
INSERT INTO Appointments (id, window_id, client_id) VALUES (256, 267, 26);
INSERT INTO Appointments (id, window_id, client_id) VALUES (257, 269, 8);
INSERT INTO Appointments (id, window_id, client_id) VALUES (258, 270, 17);
INSERT INTO Appointments (id, window_id, client_id) VALUES (259, 271, 7);
INSERT INTO Appointments (id, window_id, client_id) VALUES (260, 272, 11);
INSERT INTO Appointments (id, window_id, client_id) VALUES (261, 274, 7);
INSERT INTO Appointments (id, window_id, client_id) VALUES (262, 275, 26);
INSERT INTO Appointments (id, window_id, client_id) VALUES (263, 276, 13);
INSERT INTO Appointments (id, window_id, client_id) VALUES (264, 277, 21);
INSERT INTO Appointments (id, window_id, client_id) VALUES (265, 278, 4);
INSERT INTO Appointments (id, window_id, client_id) VALUES (266, 279, 4);
INSERT INTO Appointments (id, window_id, client_id) VALUES (267, 280, 20);
INSERT INTO Appointments (id, window_id, client_id) VALUES (268, 281, 20);
INSERT INTO Appointments (id, window_id, client_id) VALUES (269, 282, 5);
INSERT INTO Appointments (id, window_id, client_id) VALUES (270, 283, 7);
INSERT INTO Appointments (id, window_id, client_id) VALUES (271, 284, 18);
INSERT INTO Appointments (id, window_id, client_id) VALUES (272, 286, 10);
INSERT INTO Appointments (id, window_id, client_id) VALUES (273, 287, 15);
INSERT INTO Appointments (id, window_id, client_id) VALUES (274, 288, 11);
INSERT INTO Appointments (id, window_id, client_id) VALUES (275, 289, 9);
INSERT INTO Appointments (id, window_id, client_id) VALUES (276, 290, 20);
INSERT INTO Appointments (id, window_id, client_id) VALUES (277, 291, 18);
INSERT INTO Appointments (id, window_id, client_id) VALUES (278, 292, 13);
INSERT INTO Appointments (id, window_id, client_id) VALUES (279, 293, 18);
INSERT INTO Appointments (id, window_id, client_id) VALUES (280, 294, 15);
INSERT INTO Appointments (id, window_id, client_id) VALUES (281, 295, 9);
INSERT INTO Appointments (id, window_id, client_id) VALUES (282, 296, 17);
INSERT INTO Appointments (id, window_id, client_id) VALUES (283, 297, 24);
INSERT INTO Appointments (id, window_id, client_id) VALUES (284, 298, 1);
INSERT INTO Appointments (id, window_id, client_id) VALUES (285, 299, 23);
INSERT INTO Appointments (id, window_id, client_id) VALUES (286, 300, 10);
INSERT INTO Appointments (id, window_id, client_id) VALUES (287, 301, 19);
INSERT INTO Appointments (id, window_id, client_id) VALUES (288, 302, 17);
INSERT INTO Appointments (id, window_id, client_id) VALUES (289, 303, 1);
INSERT INTO Appointments (id, window_id, client_id) VALUES (290, 304, 7);
INSERT INTO Appointments (id, window_id, client_id) VALUES (291, 305, 28);
INSERT INTO Appointments (id, window_id, client_id) VALUES (292, 306, 13);
INSERT INTO Appointments (id, window_id, client_id) VALUES (293, 307, 30);
INSERT INTO Appointments (id, window_id, client_id) VALUES (294, 308, 4);
INSERT INTO Appointments (id, window_id, client_id) VALUES (295, 309, 14);
INSERT INTO Appointments (id, window_id, client_id) VALUES (296, 310, 10);
INSERT INTO Appointments (id, window_id, client_id) VALUES (297, 311, 10);
INSERT INTO Appointments (id, window_id, client_id) VALUES (298, 312, 28);
INSERT INTO Appointments (id, window_id, client_id) VALUES (299, 313, 9);
INSERT INTO Appointments (id, window_id, client_id) VALUES (300, 314, 16);
INSERT INTO Appointments (id, window_id, client_id) VALUES (301, 315, 30);
INSERT INTO Appointments (id, window_id, client_id) VALUES (302, 316, 5);
INSERT INTO Appointments (id, window_id, client_id) VALUES (303, 317, 29);
INSERT INTO Appointments (id, window_id, client_id) VALUES (304, 318, 15);
INSERT INTO Appointments (id, window_id, client_id) VALUES (305, 319, 23);
INSERT INTO Appointments (id, window_id, client_id) VALUES (306, 320, 18);
INSERT INTO Appointments (id, window_id, client_id) VALUES (307, 321, 3);
INSERT INTO Appointments (id, window_id, client_id) VALUES (308, 322, 3);
INSERT INTO Appointments (id, window_id, client_id) VALUES (309, 323, 14);
INSERT INTO Appointments (id, window_id, client_id) VALUES (310, 324, 27);
INSERT INTO Appointments (id, window_id, client_id) VALUES (311, 325, 20);
INSERT INTO Appointments (id, window_id, client_id) VALUES (312, 326, 29);
INSERT INTO Appointments (id, window_id, client_id) VALUES (313, 327, 6);
INSERT INTO Appointments (id, window_id, client_id) VALUES (314, 328, 8);
INSERT INTO Appointments (id, window_id, client_id) VALUES (315, 329, 10);
INSERT INTO Appointments (id, window_id, client_id) VALUES (316, 330, 1);
INSERT INTO Appointments (id, window_id, client_id) VALUES (317, 331, 19);
INSERT INTO Appointments (id, window_id, client_id) VALUES (318, 332, 27);
INSERT INTO Appointments (id, window_id, client_id) VALUES (319, 333, 5);
INSERT INTO Appointments (id, window_id, client_id) VALUES (320, 334, 8);
INSERT INTO Appointments (id, window_id, client_id) VALUES (321, 335, 27);
INSERT INTO Appointments (id, window_id, client_id) VALUES (322, 336, 2);
INSERT INTO Appointments (id, window_id, client_id) VALUES (323, 337, 8);
INSERT INTO Appointments (id, window_id, client_id) VALUES (324, 338, 28);
INSERT INTO Appointments (id, window_id, client_id) VALUES (325, 339, 9);
INSERT INTO Appointments (id, window_id, client_id) VALUES (326, 340, 7);
INSERT INTO Appointments (id, window_id, client_id) VALUES (327, 341, 10);
INSERT INTO Appointments (id, window_id, client_id) VALUES (328, 342, 26);
INSERT INTO Appointments (id, window_id, client_id) VALUES (329, 343, 24);
INSERT INTO Appointments (id, window_id, client_id) VALUES (330, 344, 25);
INSERT INTO Appointments (id, window_id, client_id) VALUES (331, 345, 30);
INSERT INTO Appointments (id, window_id, client_id) VALUES (332, 347, 26);
INSERT INTO Appointments (id, window_id, client_id) VALUES (333, 348, 5);
INSERT INTO Appointments (id, window_id, client_id) VALUES (334, 349, 24);
INSERT INTO Appointments (id, window_id, client_id) VALUES (335, 350, 24);
INSERT INTO Appointments (id, window_id, client_id) VALUES (336, 351, 5);
INSERT INTO Appointments (id, window_id, client_id) VALUES (337, 352, 25);
INSERT INTO Appointments (id, window_id, client_id) VALUES (338, 353, 3);
INSERT INTO Appointments (id, window_id, client_id) VALUES (339, 354, 8);
INSERT INTO Appointments (id, window_id, client_id) VALUES (340, 355, 11);
INSERT INTO Appointments (id, window_id, client_id) VALUES (341, 356, 23);
INSERT INTO Appointments (id, window_id, client_id) VALUES (342, 357, 1);
INSERT INTO Appointments (id, window_id, client_id) VALUES (343, 358, 29);
INSERT INTO Appointments (id, window_id, client_id) VALUES (344, 359, 21);
INSERT INTO Appointments (id, window_id, client_id) VALUES (345, 360, 12);
